date,region,price
2022-01-03,PADD 1,3.186
2022-01-03,PADD 2,3.001
2022-01-03,PADD 3,2.959
2022-01-03,PADD 4,3.365
2022-01-03,PADD 5,3.747
2022-01-10,PADD 1,3.177
2022-01-10,PADD 2,3.073
2022-01-10,PADD 3,2.944
2022-01-10,PADD 4,3.347
2022-01-10,PADD 5,3.793
2022-01-17,PADD 1,3.202
2022-01-17,PADD 2,3.079
2022-01-17,PADD 3,2.98
2022-01-17,PADD 4,3.332
2022-01-17,PADD 5,3.811
2022-01-24,PADD 1,3.215
2022-01-24,PADD 2,3.093
2022-01-24,PADD 3,3.022
2022-01-24,PADD 4,3.329
2022-01-24,PADD 5,3.815
2022-01-31,PADD 1,3.285
2022-01-31,PADD 2,3.15
2022-01-31,PADD 3,3.051
2022-01-31,PADD 4,3.331
2022-01-31,PADD 5,3.813
2022-02-07,PADD 1,3.366
2022-02-07,PADD 2,3.254
2022-02-07,PADD 3,3.133
2022-02-07,PADD 4,3.331
2022-02-07,PADD 5,3.83
2022-02-14,PADD 1,3.418
2022-02-14,PADD 2,3.284
2022-02-14,PADD 3,3.211
2022-02-14,PADD 4,3.329
2022-02-14,PADD 5,3.838
2022-02-21,PADD 1,3.47
2022-02-21,PADD 2,3.315
2022-02-21,PADD 3,3.241
2022-02-21,PADD 4,3.344
2022-02-21,PADD 5,3.875
2022-02-28,PADD 1,3.534
2022-02-28,PADD 2,3.418
2022-02-28,PADD 3,3.316
2022-02-28,PADD 4,3.372
2022-02-28,PADD 5,3.916
2022-03-07,PADD 1,4.036
2022-03-07,PADD 2,3.861
2022-03-07,PADD 3,3.826
2022-03-07,PADD 4,3.825
2022-03-07,PADD 5,4.369
2022-03-14,PADD 1,4.253
2022-03-14,PADD 2,4.041
2022-03-14,PADD 3,4.049
2022-03-14,PADD 4,4.137
2022-03-14,PADD 5,4.691
2022-03-21,PADD 1,4.108
2022-03-21,PADD 2,3.981
2022-03-21,PADD 3,3.957
2022-03-21,PADD 4,4.11
2022-03-21,PADD 5,4.702
2022-03-28,PADD 1,4.062
2022-03-28,PADD 2,4.001
2022-03-28,PADD 3,3.915
2022-03-28,PADD 4,4.167
2022-03-28,PADD 5,4.725
2022-04-04,PADD 1,4.028
2022-04-04,PADD 2,3.915
2022-04-04,PADD 3,3.845
2022-04-04,PADD 4,4.144
2022-04-04,PADD 5,4.689
2022-04-11,PADD 1,3.943
2022-04-11,PADD 2,3.831
2022-04-11,PADD 3,3.765
2022-04-11,PADD 4,4.144
2022-04-11,PADD 5,4.626
2022-04-18,PADD 1,3.894
2022-04-18,PADD 2,3.815
2022-04-18,PADD 3,3.749
2022-04-18,PADD 4,4.148
2022-04-18,PADD 5,4.614
2022-04-25,PADD 1,3.939
2022-04-25,PADD 2,3.858
2022-04-25,PADD 3,3.803
2022-04-25,PADD 4,4.188
2022-04-25,PADD 5,4.631
2022-05-02,PADD 1,4.034
2022-05-02,PADD 2,3.936
2022-05-02,PADD 3,3.852
2022-05-02,PADD 4,4.188
2022-05-02,PADD 5,4.656
2022-05-09,PADD 1,4.137
2022-05-09,PADD 2,4.095
2022-05-09,PADD 3,4.019
2022-05-09,PADD 4,4.231
2022-05-09,PADD 5,4.765
2022-05-16,PADD 1,4.346
2022-05-16,PADD 2,4.225
2022-05-16,PADD 3,4.157
2022-05-16,PADD 4,4.283
2022-05-16,PADD 5,4.914
2022-05-23,PADD 1,4.436
2022-05-23,PADD 2,4.314
2022-05-23,PADD 3,4.245
2022-05-23,PADD 4,4.33
2022-05-23,PADD 5,5.024
2022-05-30,PADD 1,4.462
2022-05-30,PADD 2,4.357
2022-05-30,PADD 3,4.221
2022-05-30,PADD 4,4.448
2022-05-30,PADD 5,5.067
2022-06-06,PADD 1,4.622
2022-06-06,PADD 2,4.725
2022-06-06,PADD 3,4.528
2022-06-06,PADD 4,4.711
2022-06-06,PADD 5,5.27
2022-06-13,PADD 1,4.764
2022-06-13,PADD 2,4.876
2022-06-13,PADD 3,4.635
2022-06-13,PADD 4,4.921
2022-06-13,PADD 5,5.396
2022-06-20,PADD 1,4.704
2022-06-20,PADD 2,4.815
2022-06-20,PADD 3,4.594
2022-06-20,PADD 4,4.991
2022-06-20,PADD 5,5.419
2022-06-27,PADD 1,4.601
2022-06-27,PADD 2,4.73
2022-06-27,PADD 3,4.491
2022-06-27,PADD 4,4.984
2022-06-27,PADD 5,5.366
2022-07-04,PADD 1,4.503
2022-07-04,PADD 2,4.64
2022-07-04,PADD 3,4.357
2022-07-04,PADD 4,5.001
2022-07-04,PADD 5,5.324
2022-07-11,PADD 1,4.391
2022-07-11,PADD 2,4.518
2022-07-11,PADD 3,4.205
2022-07-11,PADD 4,4.947
2022-07-11,PADD 5,5.219
2022-07-18,PADD 1,4.263
2022-07-18,PADD 2,4.342
2022-07-18,PADD 3,4.026
2022-07-18,PADD 4,4.85
2022-07-18,PADD 5,5.094
2022-07-25,PADD 1,4.119
2022-07-25,PADD 2,4.141
2022-07-25,PADD 3,3.854
2022-07-25,PADD 4,4.656
2022-07-25,PADD 5,4.985
2022-08-01,PADD 1,3.992
2022-08-01,PADD 2,3.948
2022-08-01,PADD 3,3.717
2022-08-01,PADD 4,4.511
2022-08-01,PADD 5,4.898
2022-08-08,PADD 1,3.86
2022-08-08,PADD 2,3.764
2022-08-08,PADD 3,3.554
2022-08-08,PADD 4,4.353
2022-08-08,PADD 5,4.781
2022-08-15,PADD 1,3.747
2022-08-15,PADD 2,3.677
2022-08-15,PADD 3,3.457
2022-08-15,PADD 4,4.213
2022-08-15,PADD 5,4.701
2022-08-22,PADD 1,3.663
2022-08-22,PADD 2,3.648
2022-08-22,PADD 3,3.408
2022-08-22,PADD 4,4.152
2022-08-22,PADD 5,4.657
2022-08-29,PADD 1,3.655
2022-08-29,PADD 2,3.598
2022-08-29,PADD 3,3.385
2022-08-29,PADD 4,4.02
2022-08-29,PADD 5,4.608
2022-09-05,PADD 1,3.564
2022-09-05,PADD 2,3.566
2022-09-05,PADD 3,3.27
2022-09-05,PADD 4,3.94
2022-09-05,PADD 5,4.514
2022-09-12,PADD 1,3.488
2022-09-12,PADD 2,3.503
2022-09-12,PADD 3,3.169
2022-09-12,PADD 4,3.889
2022-09-12,PADD 5,4.532
2022-09-19,PADD 1,3.43
2022-09-19,PADD 2,3.461
2022-09-19,PADD 3,3.175
2022-09-19,PADD 4,3.877
2022-09-19,PADD 5,4.512
2022-09-26,PADD 1,3.399
2022-09-26,PADD 2,3.586
2022-09-26,PADD 3,3.163
2022-09-26,PADD 4,3.919
2022-09-26,PADD 5,4.792
2022-10-03,PADD 1,3.315
2022-10-03,PADD 2,3.67
2022-10-03,PADD 3,3.138
2022-10-03,PADD 4,3.874
2022-10-03,PADD 5,5.132
2022-10-10,PADD 1,3.434
2022-10-10,PADD 2,3.811
2022-10-10,PADD 3,3.346
2022-10-10,PADD 4,3.947
2022-10-10,PADD 5,5.175
2022-10-17,PADD 1,3.47
2022-10-17,PADD 2,3.72
2022-10-17,PADD 3,3.354
2022-10-17,PADD 4,3.917
2022-10-17,PADD 5,5.046
2022-10-24,PADD 1,3.427
2022-10-24,PADD 2,3.618
2022-10-24,PADD 3,3.268
2022-10-24,PADD 4,3.845
2022-10-24,PADD 5,4.864
2022-10-31,PADD 1,3.406
2022-10-31,PADD 2,3.578
2022-10-31,PADD 3,3.226
2022-10-31,PADD 4,3.789
2022-10-31,PADD 5,4.757
2022-11-07,PADD 1,3.475
2022-11-07,PADD 2,3.699
2022-11-07,PADD 3,3.215
2022-11-07,PADD 4,3.76
2022-11-07,PADD 5,4.675
2022-11-14,PADD 1,3.515
2022-11-14,PADD 2,3.618
2022-11-14,PADD 3,3.184
2022-11-14,PADD 4,3.713
2022-11-14,PADD 5,4.656
2022-11-21,PADD 1,3.45
2022-11-21,PADD 2,3.462
2022-11-21,PADD 3,3.08
2022-11-21,PADD 4,3.636
2022-11-21,PADD 5,4.538
2022-11-28,PADD 1,3.382
2022-11-28,PADD 2,3.32
2022-11-28,PADD 3,2.971
2022-11-28,PADD 4,3.539
2022-11-28,PADD 5,4.374
2022-12-05,PADD 1,3.276
2022-12-05,PADD 2,3.166
2022-12-05,PADD 3,2.863
2022-12-05,PADD 4,3.404
2022-12-05,PADD 5,4.214
2022-12-12,PADD 1,3.156
2022-12-12,PADD 2,2.987
2022-12-12,PADD 3,2.755
2022-12-12,PADD 4,3.227
2022-12-12,PADD 5,3.975
2022-12-19,PADD 1,3.05
2022-12-19,PADD 2,2.862
2022-12-19,PADD 3,2.674
2022-12-19,PADD 4,3.086
2022-12-19,PADD 5,3.815
2022-12-26,PADD 1,3.008
2022-12-26,PADD 2,2.856
2022-12-26,PADD 3,2.704
2022-12-26,PADD 4,3.002
2022-12-26,PADD 5,3.741
2023-01-02,PADD 1,3.172
2023-01-02,PADD 2,3.025
2023-01-02,PADD 3,2.915
2023-01-02,PADD 4,3.043
2023-01-02,PADD 5,3.727
2023-01-09,PADD 1,3.185
2023-01-09,PADD 2,3.118
2023-01-09,PADD 3,2.927
2023-01-09,PADD 4,3.122
2023-01-09,PADD 5,3.736
2023-01-16,PADD 1,3.252
2023-01-16,PADD 2,3.166
2023-01-16,PADD 3,3.001
2023-01-16,PADD 4,3.292
2023-01-16,PADD 5,3.724
2023-01-23,PADD 1,3.376
2023-01-23,PADD 2,3.279
2023-01-23,PADD 3,3.115
2023-01-23,PADD 4,3.434
2023-01-23,PADD 5,3.781
2023-01-30,PADD 1,3.469
2023-01-30,PADD 2,3.345
2023-01-30,PADD 3,3.181
2023-01-30,PADD 4,3.544
2023-01-30,PADD 5,3.845
2023-02-06,PADD 1,3.411
2023-02-06,PADD 2,3.259
2023-02-06,PADD 3,3.115
2023-02-06,PADD 4,3.694
2023-02-06,PADD 5,3.841
2023-02-13,PADD 1,3.344
2023-02-13,PADD 2,3.197
2023-02-13,PADD 3,3.066
2023-02-13,PADD 4,3.765
2023-02-13,PADD 5,3.851
2023-02-20,PADD 1,3.292
2023-02-20,PADD 2,3.191
2023-02-20,PADD 3,3.045
2023-02-20,PADD 4,3.826
2023-02-20,PADD 5,3.902
2023-02-27,PADD 1,3.26
2023-02-27,PADD 2,3.131
2023-02-27,PADD 3,2.961
2023-02-27,PADD 4,3.782
2023-02-27,PADD 5,3.953
2023-03-06,PADD 1,3.237
2023-03-06,PADD 2,3.24
2023-03-06,PADD 3,3.002
2023-03-06,PADD 4,3.742
2023-03-06,PADD 5,3.991
2023-03-13,PADD 1,3.317
2023-03-13,PADD 2,3.28
2023-03-13,PADD 3,3.108
2023-03-13,PADD 4,3.73
2023-03-13,PADD 5,4.019
2023-03-20,PADD 1,3.33
2023-03-20,PADD 2,3.225
2023-03-20,PADD 3,3.056
2023-03-20,PADD 4,3.631
2023-03-20,PADD 5,3.993
2023-03-27,PADD 1,3.312
2023-03-27,PADD 2,3.19
2023-03-27,PADD 3,3.089
2023-03-27,PADD 4,3.537
2023-03-27,PADD 5,4.007
2023-04-03,PADD 1,3.367
2023-04-03,PADD 2,3.333
2023-04-03,PADD 3,3.142
2023-04-03,PADD 4,3.465
2023-04-03,PADD 5,4.056
2023-04-10,PADD 1,3.481
2023-04-10,PADD 2,3.461
2023-04-10,PADD 3,3.25
2023-04-10,PADD 4,3.438
2023-04-10,PADD 5,4.133
2023-04-17,PADD 1,3.521
2023-04-17,PADD 2,3.527
2023-04-17,PADD 3,3.327
2023-04-17,PADD 4,3.524
2023-04-17,PADD 5,4.217
2023-04-24,PADD 1,3.548
2023-04-24,PADD 2,3.484
2023-04-24,PADD 3,3.25
2023-04-24,PADD 4,3.547
2023-04-24,PADD 5,4.266
2023-05-01,PADD 1,3.487
2023-05-01,PADD 2,3.403
2023-05-01,PADD 3,3.162
2023-05-01,PADD 4,3.534
2023-05-01,PADD 5,4.297
2023-05-08,PADD 1,3.418
2023-05-08,PADD 2,3.309
2023-05-08,PADD 3,3.076
2023-05-08,PADD 4,3.538
2023-05-08,PADD 5,4.285
2023-05-15,PADD 1,3.379
2023-05-15,PADD 2,3.371
2023-05-15,PADD 3,3.089
2023-05-15,PADD 4,3.518
2023-05-15,PADD 5,4.291
2023-05-22,PADD 1,3.354
2023-05-22,PADD 2,3.399
2023-05-22,PADD 3,3.069
2023-05-22,PADD 4,3.579
2023-05-22,PADD 5,4.297
2023-05-29,PADD 1,3.373
2023-05-29,PADD 2,3.413
2023-05-29,PADD 3,3.139
2023-05-29,PADD 4,3.622
2023-05-29,PADD 5,4.323
2023-06-05,PADD 1,3.361
2023-06-05,PADD 2,3.361
2023-06-05,PADD 3,3.096
2023-06-05,PADD 4,3.654
2023-06-05,PADD 5,4.319
2023-06-12,PADD 1,3.401
2023-06-12,PADD 2,3.439
2023-06-12,PADD 3,3.15
2023-06-12,PADD 4,3.707
2023-06-12,PADD 5,4.417
2023-06-19,PADD 1,3.374
2023-06-19,PADD 2,3.39
2023-06-19,PADD 3,3.129
2023-06-19,PADD 4,3.721
2023-06-19,PADD 5,4.461
2023-06-26,PADD 1,3.353
2023-06-26,PADD 2,3.362
2023-06-26,PADD 3,3.179
2023-06-26,PADD 4,3.734
2023-06-26,PADD 5,4.538
2023-07-03,PADD 1,3.298
2023-07-03,PADD 2,3.308
2023-07-03,PADD 3,3.104
2023-07-03,PADD 4,3.79
2023-07-03,PADD 5,4.529
2023-07-10,PADD 1,3.377
2023-07-10,PADD 2,3.285
2023-07-10,PADD 3,3.138
2023-07-10,PADD 4,3.748
2023-07-10,PADD 5,4.509
2023-07-17,PADD 1,3.371
2023-07-17,PADD 2,3.343
2023-07-17,PADD 3,3.138
2023-07-17,PADD 4,3.765
2023-07-17,PADD 5,4.5
2023-07-24,PADD 1,3.448
2023-07-24,PADD 2,3.339
2023-07-24,PADD 3,3.243
2023-07-24,PADD 4,3.755
2023-07-24,PADD 5,4.484
2023-07-31,PADD 1,3.613
2023-07-31,PADD 2,3.554
2023-07-31,PADD 3,3.42
2023-07-31,PADD 4,3.873
2023-07-31,PADD 5,4.515
2023-08-07,PADD 1,3.724
2023-08-07,PADD 2,3.622
2023-08-07,PADD 3,3.462
2023-08-07,PADD 4,3.944
2023-08-07,PADD 5,4.587
2023-08-14,PADD 1,3.692
2023-08-14,PADD 2,3.698
2023-08-14,PADD 3,3.439
2023-08-14,PADD 4,3.954
2023-08-14,PADD 5,4.626
2023-08-21,PADD 1,3.708
2023-08-21,PADD 2,3.649
2023-08-21,PADD 3,3.466
2023-08-21,PADD 4,4.039
2023-08-21,PADD 5,4.664
2023-08-28,PADD 1,3.651
2023-08-28,PADD 2,3.563
2023-08-28,PADD 3,3.406
2023-08-28,PADD 4,3.975
2023-08-28,PADD 5,4.684
2023-09-04,PADD 1,3.636
2023-09-04,PADD 2,3.567
2023-09-04,PADD 3,3.39
2023-09-04,PADD 4,3.999
2023-09-04,PADD 5,4.706
2023-09-11,PADD 1,3.599
2023-09-11,PADD 2,3.641
2023-09-11,PADD 3,3.386
2023-09-11,PADD 4,4.013
2023-09-11,PADD 5,4.702
2023-09-18,PADD 1,3.6
2023-09-18,PADD 2,3.675
2023-09-18,PADD 3,3.473
2023-09-18,PADD 4,4.071
2023-09-18,PADD 5,4.75
2023-09-25,PADD 1,3.538
2023-09-25,PADD 2,3.609
2023-09-25,PADD 3,3.393
2023-09-25,PADD 4,3.996
2023-09-25,PADD 5,4.756
2023-10-02,PADD 1,3.473
2023-10-02,PADD 2,3.513
2023-10-02,PADD 3,3.336
2023-10-02,PADD 4,3.92
2023-10-02,PADD 5,4.815
2023-10-09,PADD 1,3.42
2023-10-09,PADD 2,3.398
2023-10-09,PADD 3,3.216
2023-10-09,PADD 4,3.82
2023-10-09,PADD 5,4.698
2023-10-16,PADD 1,3.333
2023-10-16,PADD 2,3.298
2023-10-16,PADD 3,3.073
2023-10-16,PADD 4,3.705
2023-10-16,PADD 5,4.603
2023-10-23,PADD 1,3.273
2023-10-23,PADD 2,3.286
2023-10-23,PADD 3,3.068
2023-10-23,PADD 4,3.691
2023-10-23,PADD 5,4.515
2023-10-30,PADD 1,3.26
2023-10-30,PADD 2,3.225
2023-10-30,PADD 3,3.003
2023-10-30,PADD 4,3.579
2023-10-30,PADD 5,4.415
2023-11-06,PADD 1,3.177
2023-11-06,PADD 2,3.177
2023-11-06,PADD 3,2.916
2023-11-06,PADD 4,3.456
2023-11-06,PADD 5,4.309
2023-11-13,PADD 1,3.16
2023-11-13,PADD 2,3.147
2023-11-13,PADD 3,2.848
2023-11-13,PADD 4,3.422
2023-11-13,PADD 5,4.238
2023-11-20,PADD 1,3.091
2023-11-20,PADD 2,3.082
2023-11-20,PADD 3,2.805
2023-11-20,PADD 4,3.287
2023-11-20,PADD 5,4.144
2023-11-27,PADD 1,3.08
2023-11-27,PADD 2,2.988
2023-11-27,PADD 3,2.739
2023-11-27,PADD 4,3.183
2023-11-27,PADD 5,4.076
2023-12-04,PADD 1,3.173
2023-12-04,PADD 2,2.95
2023-12-04,PADD 3,2.764
2023-12-04,PADD 4,3.092
2023-12-04,PADD 5,3.997
2023-12-11,PADD 1,3.08
2023-12-11,PADD 2,2.861
2023-12-11,PADD 3,2.669
2023-12-11,PADD 4,2.987
2023-12-11,PADD 5,3.926
2023-12-18,PADD 1,3.001
2023-12-18,PADD 2,2.763
2023-12-18,PADD 3,2.603
2023-12-18,PADD 4,2.899
2023-12-18,PADD 5,3.872
2023-12-25,PADD 1,3.097
2023-12-25,PADD 2,2.838
2023-12-25,PADD 3,2.694
2023-12-25,PADD 4,2.928
2023-12-25,PADD 5,3.818
