Date,KNX,HTZ,HTLD,JBHT,WERN,ODFL,TFII
2022-01-03 00:00:00-05:00,58.690032958984375,24.75,16.45598793029785,196.38246154785156,45.313758850097656,170.8134307861328,106.87822723388672
2022-01-04 00:00:00-05:00,59.300472259521484,24.549999237060547,16.701602935791016,202.045166015625,46.43628692626953,175.05950927734375,106.5018539428711
2022-01-05 00:00:00-05:00,58.91289520263672,23.700000762939453,16.485458374023438,197.86138916015625,45.64955139160156,168.7964324951172,101.1555404663086
2022-01-06 00:00:00-05:00,57.430381774902344,24.0,16.161252975463867,196.48951721191406,44.45027160644531,168.75204467773438,98.76222229003906
2022-01-07 00:00:00-05:00,56.72303771972656,24.309999465942383,16.013885498046875,194.69927978515625,44.13365936279297,164.02272033691406,99.1965103149414
2022-01-10 00:00:00-05:00,56.151344299316406,24.68000030517578,16.03353500366211,192.62684631347656,44.085689544677734,162.82437133789062,95.36528015136719
2022-01-11 00:00:00-05:00,55.986629486083984,24.40999984741211,16.013885498046875,193.6679229736328,44.056907653808594,160.5065460205078,96.75495147705078
2022-01-12 00:00:00-05:00,56.02538299560547,24.43000030517578,15.827220916748047,197.31655883789062,43.91299057006836,159.9295196533203,95.2784423828125
2022-01-13 00:00:00-05:00,55.67655944824219,24.15999984741211,15.866520881652832,198.66896057128906,44.26797103881836,156.7388458251953,95.38458251953125
2022-01-14 00:00:00-05:00,55.02735137939453,24.0,15.67003059387207,196.60626220703125,44.56540298461914,155.8955535888672,93.1843032836914
2022-01-18 00:00:00-05:00,55.56028747558594,23.68000030517578,15.561960220336914,195.06900024414062,44.920387268066406,154.7317352294922,91.77535247802734
2022-01-19 00:00:00-05:00,55.56028747558594,21.700000762939453,15.552136421203613,195.22467041015625,44.47905349731445,154.0758056640625,96.20487976074219
2022-01-20 00:00:00-05:00,54.6397705078125,20.93000030517578,15.49318790435791,194.99114990234375,43.36612319946289,151.39305114746094,96.4557876586914
2022-01-21 00:00:00-05:00,53.87428665161133,19.0,15.444067001342773,193.5706329345703,43.03990936279297,146.37278747558594,93.2518539428711
2022-01-24 00:00:00-05:00,55.38587951660156,18.510000228881836,15.856695175170898,197.19003295898438,44.1816291809082,152.408935546875,93.2518539428711
2022-01-25 00:00:00-05:00,53.65143585205078,18.25,15.355647087097168,190.65174865722656,42.66573715209961,147.93113708496094,90.33743286132812
2022-01-26 00:00:00-05:00,52.46929168701172,18.260000228881836,14.510744094848633,190.2139129638672,41.6103630065918,144.0352325439453,90.67518615722656
2022-01-27 00:00:00-05:00,52.847198486328125,17.739999771118164,14.343727111816406,183.0237579345703,41.428070068359375,141.0319061279297,88.73546600341797
2022-01-28 00:00:00-05:00,53.80646514892578,18.18000030517578,14.491092681884766,186.71124267578125,41.97494888305664,144.73550415039062,90.7620620727539
2022-01-31 00:00:00-05:00,54.82387924194336,19.260000228881836,14.697406768798828,187.3339385986328,42.78086853027344,148.897705078125,92.93340301513672
2022-02-01 00:00:00-05:00,55.007972717285156,19.959999084472656,14.62863826751709,186.95448303222656,42.62736129760742,150.99855041503906,96.69705200195312
2022-02-02 00:00:00-05:00,55.608734130859375,19.75,14.441971778869629,190.486328125,42.84803009033203,159.89010620117188,96.56192779541016
2022-02-03 00:00:00-05:00,54.97890853881836,19.25,14.383024215698242,188.46823120117188,42.65613555908203,161.5816192626953,94.09143829345703
2022-02-04 00:00:00-05:00,54.05839538574219,19.739999771118164,14.17671012878418,184.85113525390625,42.25319290161133,152.67031860351562,94.89242553710938
2022-02-07 00:00:00-05:00,53.215396881103516,19.360000610351562,14.029341697692871,181.8872528076172,42.032508850097656,150.85060119628906,93.1843032836914
2022-02-08 00:00:00-05:00,54.523494720458984,20.0,14.196359634399414,184.16864013671875,42.013328552246094,153.15855407714844,100.38349151611328
2022-02-09 00:00:00-05:00,55.19207763671875,20.799999237060547,14.216008186340332,189.52117919921875,42.23399353027344,155.7870635986328,106.20269775390625
2022-02-10 00:00:00-05:00,53.92273712158203,20.799999237060547,14.00969409942627,186.71327209472656,41.447261810302734,151.48184204101562,105.17974090576172
2022-02-11 00:00:00-05:00,53.6126708984375,19.84000015258789,14.00969409942627,185.21182250976562,41.81184768676758,145.8007049560547,103.32686614990234
2022-02-14 00:00:00-05:00,53.26383972167969,20.420000076293945,14.058815002441406,187.6687469482422,41.52401351928711,144.96238708496094,103.09526824951172
2022-02-15 00:00:00-05:00,53.06036376953125,19.760000228881836,13.990043640136719,188.17572021484375,41.22660446166992,146.7672882080078,103.37512969970703
2022-02-16 00:00:00-05:00,52.39178466796875,19.450000762939453,14.216008186340332,186.2160186767578,41.015525817871094,146.599609375,101.55120086669922
2022-02-17 00:00:00-05:00,52.013885498046875,18.93000030517578,14.23565673828125,183.1352081298828,40.96754837036133,142.8861541748047,100.21943664550781
2022-02-18 00:00:00-05:00,52.19798278808594,18.309999465942383,14.166885375976562,183.5739288330078,41.571990966796875,142.00836181640625,98.70433044433594
2022-02-22 00:00:00-05:00,50.67671203613281,17.959999084472656,13.86232852935791,184.41238403320312,40.96754837036133,141.33767700195312,97.10236358642578
2022-02-23 00:00:00-05:00,50.26005554199219,17.190000534057617,13.823028564453125,184.0321502685547,40.6125602722168,139.3058624267578,96.9769058227539
2022-02-24 00:00:00-05:00,50.889888763427734,19.75,13.74443244934082,184.1783905029297,41.24578857421875,145.3075714111328,98.212158203125
2022-02-25 00:00:00-05:00,52.653404235839844,20.809999465942383,14.048993110656738,191.17857360839844,41.80224609375,149.82481384277344,99.83341979980469
2022-02-28 00:00:00-05:00,52.7890510559082,20.31999969482422,14.107938766479492,197.84722900390625,41.696712493896484,154.8648681640625,100.64408111572266
2022-03-01 00:00:00-05:00,52.13984680175781,19.06999969482422,14.088289260864258,195.34158325195312,42.214805603027344,153.0828857421875,99.39915466308594
2022-03-02 00:00:00-05:00,52.59526443481445,20.209999084472656,14.23565673828125,197.64248657226562,43.12626647949219,156.9578399658203,102.3328857421875
2022-03-03 00:00:00-05:00,53.177921295166016,19.90999984741211,14.255306243896484,196.1995849609375,42.895999908447266,160.15650939941406,102.16883087158203
2022-03-04 00:00:00-05:00,52.89630126953125,19.209999084472656,14.324076652526855,198.74420166015625,42.91518783569336,157.1256561279297,99.64041900634766
2022-03-07 00:00:00-05:00,50.410255432128906,18.229999542236328,14.058815002441406,194.94189453125,41.965362548828125,149.07960510253906,91.58233642578125
2022-03-08 00:00:00-05:00,48.65255355834961,18.59000015258789,13.891800880432129,189.02391052246094,40.900390625,147.76657104492188,87.73181915283203
2022-03-09 00:00:00-05:00,50.458824157714844,20.040000915527344,14.088289260864258,194.3763885498047,41.22660446166992,151.47860717773438,92.07450103759766
2022-03-10 00:00:00-05:00,50.26460266113281,21.079999923706055,14.029341697692871,196.8235321044922,40.69889831542969,152.8953094482422,91.70777130126953
2022-03-11 00:00:00-05:00,49.885860443115234,21.540000915527344,13.852503776550293,193.38198852539062,40.430267333984375,151.2367401123047,89.51715087890625
2022-03-14 00:00:00-04:00,50.148067474365234,21.5,13.94092082977295,190.45709228515625,40.81404113769531,147.37661743164062,90.4435806274414
2022-03-15 00:00:00-04:00,51.245418548583984,22.040000915527344,14.107938766479492,193.99618530273438,40.8524169921875,152.51522827148438,93.95632934570312
2022-03-16 00:00:00-04:00,54.63458251953125,23.5,14.638459205627441,212.59828186035156,42.3970947265625,159.6382293701172,99.01313018798828
2022-03-17 00:00:00-04:00,53.576080322265625,23.149999618530273,14.569686889648438,210.86288452148438,41.62955093383789,159.33218383789062,100.64408111572266
2022-03-18 00:00:00-04:00,54.508338928222656,22.020000457763672,14.569686889648438,209.68319702148438,41.80224609375,162.05699157714844,103.62602233886719
2022-03-21 00:00:00-04:00,53.58578109741211,21.81999969482422,14.441971778869629,208.60098266601562,41.255374908447266,157.8562469482422,105.4306640625
2022-03-22 00:00:00-04:00,53.391571044921875,21.940000534057617,14.392847061157227,208.4937286376953,41.053897857666016,159.40130615234375,107.70816040039062
2022-03-23 00:00:00-04:00,52.022308349609375,22.450000762939453,14.17671012878418,204.9156494140625,40.430267333984375,155.33871459960938,106.37640380859375
2022-03-24 00:00:00-04:00,51.89606475830078,22.899999618530273,14.147195816040039,203.21922302246094,40.324729919433594,156.31617736816406,106.51151275634766
2022-03-25 00:00:00-04:00,51.38137435913086,22.649999618530273,14.275092124938965,203.950439453125,40.36310577392578,154.87966918945312,101.8407211303711
2022-03-28 00:00:00-04:00,51.808658599853516,22.440000534057617,14.275092124938965,204.2916717529297,40.4686393737793,155.95082092285156,103.04700469970703
2022-03-29 00:00:00-04:00,52.43016815185547,23.059999465942383,14.452177047729492,203.97970581054688,40.88119888305664,158.033935546875,104.92884826660156
2022-03-30 00:00:00-04:00,50.8861083984375,22.020000457763672,14.078328132629395,201.0938262939453,40.487831115722656,153.67523193359375,104.25164031982422
2022-03-31 00:00:00-04:00,49.00215530395508,22.149999618530273,13.842211723327637,195.76084899902344,39.336517333984375,147.435791015625,103.04232788085938
2022-04-01 00:00:00-04:00,45.962589263916016,21.1200008392334,13.163385391235352,176.96376037597656,36.40066909790039,137.4744873046875,97.13124084472656
2022-04-04 00:00:00-04:00,45.447898864746094,23.3799991607666,13.045327186584473,172.6934356689453,36.38148498535156,137.0845184326172,92.99059295654297
2022-04-05 00:00:00-04:00,44.107765197753906,21.93000030517578,12.858404159545898,168.74490356445312,36.151222229003906,132.9429931640625,88.25980377197266
2022-04-06 00:00:00-04:00,44.59332275390625,21.829999923706055,12.838726997375488,166.43423461914062,36.30472946166992,129.60610961914062,84.60285949707031
2022-04-07 00:00:00-04:00,44.806968688964844,21.799999237060547,12.819050788879395,168.2671661376953,36.448646545410156,130.31198120117188,84.27393341064453
2022-04-08 00:00:00-04:00,45.739227294921875,21.190000534057617,12.750184059143066,168.84237670898438,36.37189483642578,128.29798889160156,79.88175201416016
2022-04-11 00:00:00-04:00,45.00118637084961,21.709999084472656,12.750184059143066,166.42449951171875,35.80583572387695,127.40454864501953,80.90724182128906
2022-04-12 00:00:00-04:00,44.29227828979492,21.520000457763672,12.700995445251465,164.016357421875,35.51800537109375,128.3424072265625,79.49476623535156
2022-04-13 00:00:00-04:00,45.428470611572266,22.3799991607666,12.927270889282227,167.6724395751953,36.227970123291016,131.59046936035156,81.18780517578125
2022-04-14 00:00:00-04:00,44.71956253051758,22.329999923706055,12.94694709777832,167.70167541503906,35.83335876464844,130.6871337890625,78.58536529541016
2022-04-18 00:00:00-04:00,44.48649978637695,22.209999084472656,12.858404159545898,167.15567016601562,35.477237701416016,131.0030517578125,78.60472106933594
2022-04-19 00:00:00-04:00,45.94316482543945,22.639999389648438,13.153547286987305,169.52487182617188,36.9498405456543,135.16432189941406,80.6266860961914
2022-04-20 00:00:00-04:00,46.76860809326172,23.899999618530273,13.183058738708496,168.23793029785156,37.459957122802734,136.68467712402344,84.21590423583984
2022-04-21 00:00:00-04:00,47.58433532714844,22.8799991607666,13.655290603637695,167.0485076904297,37.35408401489258,135.7862548828125,83.44193267822266
2022-04-22 00:00:00-04:00,46.448143005371094,22.549999237060547,13.6946439743042,165.1083221435547,37.28670883178711,132.7998809814453,80.3751449584961
2022-04-25 00:00:00-04:00,48.35151290893555,23.5,13.881567001342773,169.69061279296875,38.12407302856445,138.12603759765625,83.32584381103516
2022-04-26 00:00:00-04:00,46.0596923828125,23.0,13.802861213684082,167.70167541503906,37.5273323059082,134.32022094726562,77.76304626464844
2022-04-27 00:00:00-04:00,46.50640869140625,23.530000686645508,13.478205680847168,167.49697875976562,37.49846267700195,134.2609405517578,76.5924301147461
2022-04-28 00:00:00-04:00,47.75914001464844,21.920000076293945,13.793024063110352,170.21707153320312,38.66307067871094,144.26673889160156,80.82017517089844
2022-04-29 00:00:00-04:00,46.50640869140625,20.059999465942383,13.57658576965332,166.5707244873047,38.1433219909668,138.27413940429688,77.85977935791016
2022-05-02 00:00:00-04:00,46.914268493652344,20.459999084472656,13.566747665405273,165.86880493164062,38.11444854736328,138.23464965820312,77.12452697753906
2022-05-03 00:00:00-04:00,47.90480041503906,19.520000457763672,13.586423873901367,168.37442016601562,38.52831268310547,138.97511291503906,80.70407104492188
2022-05-04 00:00:00-04:00,49.18666458129883,20.719999313354492,13.979947090148926,173.9608612060547,40.867156982421875,143.65464782714844,83.45160675048828
2022-05-05 00:00:00-04:00,48.76908874511719,20.350000381469727,13.773346900939941,171.27005004882812,40.82866287231445,139.8438720703125,81.53607940673828
2022-05-06 00:00:00-04:00,48.011619567871094,20.06999969482422,13.793024063110352,171.38705444335938,40.88641357421875,138.38275146484375,81.30387878417969
2022-05-09 00:00:00-04:00,48.43891143798828,17.440000534057617,13.930757522583008,168.17941284179688,41.22328186035156,133.8710174560547,77.43412780761719
2022-05-10 00:00:00-04:00,47.68144989013672,16.770000457763672,13.930757522583008,167.8284149169922,40.915283203125,135.3321533203125,77.41475677490234
2022-05-11 00:00:00-04:00,46.875431060791016,17.65999984741211,13.665128707885742,165.35205078125,40.2222900390625,133.68836975097656,74.83169555664062
2022-05-12 00:00:00-04:00,46.7103385925293,18.469999313354492,13.852051734924316,168.7040557861328,40.462913513183594,133.10589599609375,75.4798812866211
2022-05-13 00:00:00-04:00,46.34132766723633,18.979999542236328,13.842211723327637,172.42739868164062,40.18379211425781,134.81878662109375,78.19840240478516
2022-05-16 00:00:00-04:00,45.224544525146484,18.75,13.537233352661133,169.5347137451172,38.99031066894531,129.56661987304688,76.98910522460938
2022-05-17 00:00:00-04:00,47.06965255737305,19.6299991607666,13.930757522583008,174.8998565673828,39.44267654418945,134.12771606445312,81.65216827392578
2022-05-18 00:00:00-04:00,42.53456497192383,18.469999313354492,13.192900657653809,159.146484375,36.09321975708008,116.72742462158203,74.3963623046875
2022-05-19 00:00:00-04:00,43.69990921020508,18.489999771118164,13.163385391235352,156.96719360351562,36.34347152709961,117.71466827392578,76.75690460205078
2022-05-20 00:00:00-04:00,44.962345123291016,18.450000762939453,13.379825592041016,160.6416778564453,37.33483123779297,120.03965759277344,76.74722290039062
2022-05-23 00:00:00-04:00,45.739227294921875,19.600000381469727,13.438852310180664,162.14663696289062,38.36470031738281,123.435791015625,78.05327606201172
2022-05-24 00:00:00-04:00,45.690677642822266,18.34000015258789,13.75367259979248,158.25717163085938,38.42243957519531,121.66861724853516,74.07708740234375
2022-05-25 00:00:00-04:00,47.157047271728516,18.829999923706055,13.901244163513184,163.39755249023438,39.269432067871094,124.07749938964844,75.54759216308594
2022-05-26 00:00:00-04:00,47.516357421875,19.290000915527344,13.99962329864502,169.2415313720703,39.20205307006836,128.81629943847656,77.4534683227539
2022-05-27 00:00:00-04:00,47.428958892822266,20.100000381469727,14.009462356567383,170.8833465576172,39.24055862426758,130.3860626220703,78.71112823486328
2022-05-31 00:00:00-04:00,47.23473358154297,20.06999969482422,14.048812866210938,168.6552276611328,39.048065185546875,127.61859130859375,79.37867736816406
2022-06-01 00:00:00-04:00,46.244205474853516,19.780000686645508,14.06849193572998,168.97767639160156,39.22130584716797,127.21334838867188,78.74983215332031
2022-06-02 00:00:00-04:00,47.89508819580078,20.190000534057617,14.550559043884277,173.37533569335938,39.63518142700195,132.18487548828125,81.41999053955078
2022-06-03 00:00:00-04:00,47.61346435546875,19.969999313354492,14.462015151977539,175.320068359375,39.46193313598633,132.53573608398438,81.61346435546875
2022-06-06 00:00:00-04:00,48.52631759643555,18.959999084472656,14.570233345031738,176.95213317871094,40.26079177856445,132.96072387695312,82.4067611694336
2022-06-07 00:00:00-04:00,47.78826904296875,18.1299991607666,14.462015151977539,172.55445861816406,39.0865592956543,131.9674530029297,82.45514678955078
2022-06-08 00:00:00-04:00,46.33161163330078,18.469999313354492,13.979947090148926,164.96116638183594,38.220314025878906,125.46394348144531,77.93718719482422
2022-06-09 00:00:00-04:00,45.5235481262207,17.65999984741211,14.029138565063477,162.28347778320312,38.152950286865234,124.66830444335938,76.60210418701172
2022-06-10 00:00:00-04:00,44.82258987426758,17.450000762939453,13.87173080444336,160.0064697265625,37.84495544433594,122.15287017822266,74.53178405761719
2022-06-13 00:00:00-04:00,44.02427291870117,16.469999313354492,13.596261978149414,156.77171325683594,37.40221405029297,118.45636749267578,72.70330810546875
2022-06-14 00:00:00-04:00,43.9755973815918,17.239999771118164,13.57658576965332,157.7489776611328,37.04608917236328,118.34270477294922,72.9935531616211
2022-06-15 00:00:00-04:00,44.86153793334961,18.110000610351562,13.763509750366211,157.8467254638672,37.690956115722656,119.71654510498047,74.28025817871094
2022-06-16 00:00:00-04:00,43.78089141845703,17.489999771118164,13.468365669250488,152.99954223632812,36.43972396850586,116.10897827148438,70.82647705078125
2022-06-17 00:00:00-04:00,43.07992172241211,17.940000534057617,13.27160358428955,151.3577423095703,35.794857025146484,114.70056915283203,70.61363220214844
2022-06-21 00:00:00-04:00,43.858768463134766,17.68000030517578,13.360147476196289,155.12017822265625,36.11248016357422,117.78923797607422,72.27764129638672
2022-06-22 00:00:00-04:00,43.39146041870117,17.25,13.310956001281738,151.992919921875,35.76598358154297,116.47962951660156,71.61978149414062
2022-06-23 00:00:00-04:00,44.47211456298828,17.469999313354492,13.478205680847168,153.9181365966797,36.3338508605957,122.37033081054688,72.60657501220703
2022-06-24 00:00:00-04:00,45.82536315917969,18.229999542236328,13.79348373413086,158.4623565673828,36.824710845947266,127.3615951538086,76.03131866455078
2022-06-27 00:00:00-04:00,45.5235481262207,18.360000610351562,13.941271781921387,158.47216796875,37.47921371459961,128.5179901123047,77.09550476074219
2022-06-28 00:00:00-04:00,44.9686279296875,17.639999389648438,13.576728820800781,154.06472778320312,36.71884536743164,123.90230560302734,75.73140716552734
2022-06-29 00:00:00-04:00,44.70576477050781,17.06999969482422,13.547173500061035,153.72267150878906,36.80546569824219,126.16072845458984,75.59551239013672
2022-06-30 00:00:00-04:00,45.06597900390625,15.84000015258789,13.704813003540039,153.8887939453125,37.094215393066406,126.64997863769531,77.93510437011719
2022-07-01 00:00:00-04:00,46.44844055175781,16.6200008392334,13.86245059967041,156.2342529296875,37.54811477661133,128.9875030517578,79.49809265136719
2022-07-05 00:00:00-04:00,45.65011978149414,16.700000762939453,13.704813003540039,156.08767700195312,37.56743240356445,128.00404357910156,78.08072662353516
2022-07-06 00:00:00-04:00,46.35107421875,16.25,13.635843276977539,157.9151153564453,37.42256164550781,130.5590057373047,78.52729034423828
2022-07-07 00:00:00-04:00,46.64314270019531,16.950000762939453,13.744222640991211,162.42027282714844,38.3786506652832,135.25375366210938,81.18726348876953
2022-07-08 00:00:00-04:00,46.93521499633789,17.0,13.803336143493652,161.931640625,38.18550491333008,134.9226531982422,82.6822738647461
2022-07-11 00:00:00-04:00,46.818389892578125,16.790000915527344,13.911712646484375,160.3289337158203,38.25310516357422,133.19796752929688,82.18717193603516
2022-07-12 00:00:00-04:00,47.11045837402344,16.829999923706055,13.882156372070312,160.36802673339844,38.24345016479492,129.87701416015625,84.07050323486328
2022-07-13 00:00:00-04:00,47.26622009277344,17.200000762939453,14.059500694274902,159.0780792236328,38.088932037353516,123.21044158935547,81.90565490722656
2022-07-14 00:00:00-04:00,46.58472442626953,16.829999923706055,13.9215669631958,161.78504943847656,37.857154846191406,123.99124908447266,81.54646301269531
2022-07-15 00:00:00-04:00,47.003360748291016,17.309999465942383,14.039796829223633,163.76889038085938,38.320709228515625,126.17060852050781,83.16767883300781
2022-07-18 00:00:00-04:00,47.10071563720703,17.34000015258789,13.970829010009766,164.27708435058594,38.368995666503906,129.22962951660156,82.44931030273438
2022-07-19 00:00:00-04:00,49.22307586669922,17.84000015258789,14.46345329284668,170.49246215820312,40.039730072021484,133.7513885498047,87.49740600585938
2022-07-20 00:00:00-04:00,48.892066955566406,18.3799991607666,14.404338836669922,169.19268798828125,40.13631057739258,136.7017364501953,87.36149597167969
2022-07-21 00:00:00-04:00,50.70288848876953,18.219999313354492,14.433894157409668,167.9809112548828,40.28116226196289,139.4493865966797,89.94379425048828
2022-07-22 00:00:00-04:00,49.81693649291992,17.739999771118164,14.355074882507324,169.79856872558594,39.96247482299805,137.8581085205078,87.60419464111328
2022-07-25 00:00:00-04:00,49.534610748291016,17.950000762939453,14.542271614074707,169.37838745117188,39.721038818359375,136.1729278564453,88.76914978027344
2022-07-26 00:00:00-04:00,49.21333694458008,16.8799991607666,15.084159851074219,165.6061553955078,39.73069763183594,134.96218872070312,87.59449768066406
2022-07-27 00:00:00-04:00,50.15768814086914,17.420000076293945,15.20238971710205,167.6486358642578,39.87556838989258,135.1499786376953,88.19637298583984
2022-07-28 00:00:00-04:00,51.871150970458984,20.15999984741211,15.675309181213379,175.36895751953125,42.212650299072266,144.8755645751953,91.9727554321289
2022-07-29 00:00:00-04:00,53.49699020385742,21.420000076293945,15.645752906799316,179.10208129882812,42.454097747802734,149.9903564453125,97.01115417480469
2022-08-01 00:00:00-04:00,52.28004455566406,21.479999542236328,15.566933631896973,177.43096923828125,41.48834228515625,150.12875366210938,97.9042739868164
2022-08-02 00:00:00-04:00,51.48173141479492,20.59000015258789,15.369882583618164,174.63601684570312,40.50328826904297,145.36972045898438,96.4675064086914
2022-08-03 00:00:00-04:00,52.669471740722656,21.3799991607666,15.291061401367188,174.51873779296875,41.10205078125,146.13079833984375,99.61286926269531
2022-08-04 00:00:00-04:00,52.250831604003906,21.3700008392334,15.55707836151123,177.46688842773438,40.165283203125,147.80113220214844,100.7195816040039
2022-08-05 00:00:00-04:00,52.94205856323242,21.6299991607666,15.655603408813477,179.82737731933594,40.7543830871582,149.82237243652344,103.13685607910156
2022-08-08 00:00:00-04:00,52.96153259277344,21.989999771118164,15.596488952636719,183.22607421875,40.59986114501953,151.67062377929688,102.66116333007812
2022-08-09 00:00:00-04:00,52.31898498535156,21.700000762939453,15.586636543273926,180.61093139648438,39.65343475341797,149.20465087890625,100.17594909667969
2022-08-10 00:00:00-04:00,53.70143508911133,21.899999618530273,15.882214546203613,186.99697875976562,40.66746139526367,155.8563690185547,103.41838073730469
2022-08-11 00:00:00-04:00,54.636051177978516,21.649999618530273,15.951180458068848,188.92648315429688,41.51731872558594,155.86131286621094,104.18529510498047
2022-08-12 00:00:00-04:00,54.91838073730469,21.510000228881836,16.21719741821289,191.12046813964844,42.01950454711914,155.3275909423828,104.41828918457031
2022-08-15 00:00:00-04:00,54.94758605957031,21.68000030517578,16.010292053222656,190.14102172851562,41.71046447753906,154.329345703125,102.36992645263672
2022-08-16 00:00:00-04:00,55.46358108520508,21.739999771118164,16.54233169555664,190.6503143310547,43.3039436340332,153.23223876953125,104.06879425048828
2022-08-17 00:00:00-04:00,54.38292694091797,21.040000915527344,16.030000686645508,184.802978515625,42.32854461669922,149.84706115722656,100.41862487792969
2022-08-18 00:00:00-04:00,54.57763671875,20.219999313354492,16.000442504882812,187.8784637451172,42.22231674194336,149.8915252685547,100.52543640136719
2022-08-19 00:00:00-04:00,54.00324249267578,19.639999389648438,15.823097229003906,185.85101318359375,41.84567642211914,146.79299926757812,99.04981994628906
2022-08-22 00:00:00-04:00,53.31201171875,19.469999313354492,15.734423637390137,183.7549591064453,41.00547409057617,144.2578582763672,98.29261016845703
2022-08-23 00:00:00-04:00,52.611061096191406,19.450000762939453,15.911768913269043,184.95970153808594,41.0923957824707,144.277587890625,100.5060043334961
2022-08-24 00:00:00-04:00,52.26057052612305,19.209999084472656,15.852655410766602,184.8225555419922,40.89924240112305,143.9909210205078,101.7583236694336
2022-08-25 00:00:00-04:00,53.097835540771484,19.68000030517578,16.059553146362305,185.46900939941406,41.28554153442383,148.70550537109375,105.16580200195312
2022-08-26 00:00:00-04:00,51.58882141113281,19.010000228881836,15.566933631896973,178.83810424804688,40.07836151123047,141.16421508789062,104.19500732421875
2022-08-29 00:00:00-04:00,50.0311279296875,18.920000076293945,15.281208992004395,172.06031799316406,39.576175689697266,138.268310546875,97.72954559326172
2022-08-30 00:00:00-04:00,50.11874771118164,18.75,15.143274307250977,171.4530487060547,39.71138381958008,136.54356384277344,97.72954559326172
2022-08-31 00:00:00-04:00,49.17439270019531,18.459999084472656,14.926520347595215,170.44422912597656,38.426944732666016,134.1270294189453,96.87525177001953
2022-09-01 00:00:00-04:00,49.681846618652344,18.09000015258789,14.80828857421875,170.19935607910156,38.764949798583984,137.24038696289062,100.33126068115234
2022-09-02 00:00:00-04:00,49.08656692504883,17.889999389648438,14.522568702697754,165.27272033691406,38.127559661865234,134.53221130371094,100.29242706298828
2022-09-06 00:00:00-04:00,47.817928314208984,18.030000686645508,14.029942512512207,163.77413940429688,37.54811477661133,134.56686401367188,97.2635726928711
2022-09-07 00:00:00-04:00,48.676700592041016,18.219999313354492,14.325517654418945,166.8986053466797,38.388309478759766,130.59912109375,97.80720520019531
2022-09-08 00:00:00-04:00,48.549835205078125,18.90999984741211,14.069354057312012,166.35989379882812,37.83784103393555,128.52127075195312,99.66141510009766
2022-09-09 00:00:00-04:00,49.67210388183594,19.149999618530273,14.532422065734863,170.48338317871094,38.79392623901367,132.9788055419922,101.53504180908203
2022-09-12 00:00:00-04:00,49.69160842895508,19.979999542236328,14.926520347595215,170.97311401367188,39.19953536987305,136.54580688476562,103.0300521850586
2022-09-13 00:00:00-04:00,48.54007339477539,19.049999237060547,14.424041748046875,167.4862518310547,38.233795166015625,128.92694091796875,99.83615112304688
2022-09-14 00:00:00-04:00,48.715728759765625,19.0,14.46345329284668,168.84771728515625,38.581459045410156,128.4965057373047,98.63236999511719
2022-09-15 00:00:00-04:00,47.427574157714844,19.450000762939453,14.30581283569336,170.45401000976562,38.069610595703125,126.82926177978516,97.04998016357422
2022-09-16 00:00:00-04:00,46.861572265625,18.549999237060547,13.911712646484375,163.0493621826172,37.32600021362305,125.67656707763672,92.13777923583984
2022-09-19 00:00:00-04:00,48.18876647949219,18.489999771118164,14.355074882507324,166.1248321533203,37.89578628540039,127.7791748046875,95.77825164794922
2022-09-20 00:00:00-04:00,47.01770782470703,18.100000381469727,13.911712646484375,163.71539306640625,37.15216064453125,125.45393371582031,93.77842712402344
2022-09-21 00:00:00-04:00,47.1836051940918,17.950000762939453,14.118616104125977,161.82505798339844,37.21976089477539,124.474365234375,92.69114685058594
2022-09-22 00:00:00-04:00,46.57855987548828,16.40999984741211,14.010237693786621,160.27752685546875,36.95901107788086,120.90240478515625,91.04078674316406
2022-09-23 00:00:00-04:00,46.75422286987305,16.510000228881836,14.000386238098145,157.84844970703125,36.94934844970703,122.70816802978516,88.34198760986328
2022-09-26 00:00:00-04:00,47.564205169677734,15.819999694824219,13.960921287536621,158.60264587402344,37.17147445678711,122.63396453857422,89.07979583740234
2022-09-27 00:00:00-04:00,48.00334548950195,16.520000457763672,14.029983520507812,159.48414611816406,37.28736114501953,123.5591049194336,90.27386474609375
2022-09-28 00:00:00-04:00,48.69622039794922,17.639999389648438,14.404909133911133,163.40196228027344,38.127559661865234,126.74022674560547,93.0389404296875
2022-09-29 00:00:00-04:00,48.579105377197266,16.209999084472656,14.404909133911133,161.88380432128906,37.50947952270508,125.75076293945312,91.79270935058594
2022-09-30 00:00:00-04:00,47.74961853027344,16.280000686645508,14.118782997131348,153.20587158203125,36.433902740478516,123.07427978515625,88.09297180175781
2022-10-03 00:00:00-04:00,48.69622039794922,16.950000762939453,14.345708847045898,158.70057678222656,37.55792999267578,129.5552215576172,93.12655639648438
2022-10-04 00:00:00-04:00,49.545230865478516,17.56999969482422,14.72063159942627,164.57730102539062,38.26530075073242,135.14077758789062,96.93341064453125
2022-10-05 00:00:00-04:00,48.52055740356445,16.84000015258789,14.454237937927246,163.06895446777344,37.761417388916016,134.8092803955078,94.93749237060547
2022-10-06 00:00:00-04:00,47.8764762878418,17.299999237060547,14.52330493927002,161.71730041503906,37.838932037353516,137.12957763671875,94.39227294921875
2022-10-07 00:00:00-04:00,47.115299224853516,17.139999389648438,14.128647804260254,156.7710723876953,36.73428726196289,128.64991760253906,91.77323150634766
2022-10-10 00:00:00-04:00,46.90060043334961,16.709999084472656,14.395040512084961,158.896484375,37.45134735107422,132.5137481689453,93.10709381103516
2022-10-11 00:00:00-04:00,46.88108444213867,16.209999084472656,14.079317092895508,160.2872772216797,37.71296691894531,132.46922302246094,92.49371337890625
2022-10-12 00:00:00-04:00,47.7105827331543,16.40999984741211,14.29637622833252,162.10906982421875,38.43001937866211,135.87791442871094,93.35047912597656
2022-10-13 00:00:00-04:00,47.720340728759766,16.860000610351562,14.51343822479248,162.8044891357422,38.6431999206543,132.86004638671875,94.4214859008789
2022-10-14 00:00:00-04:00,47.3592643737793,16.579999923706055,14.503569602966309,159.84654235839844,37.73234939575195,128.4025421142578,90.49778747558594
2022-10-17 00:00:00-04:00,48.53031539916992,17.190000534057617,14.76009750366211,162.34413146972656,37.9552116394043,132.1476287841797,95.03486633300781
2022-10-18 00:00:00-04:00,48.74501037597656,17.260000228881836,14.661432266235352,164.440185546875,38.168392181396484,132.89964294433594,94.72329711914062
2022-10-19 00:00:00-04:00,48.2277946472168,17.049999237060547,14.32597541809082,164.5087432861328,37.52886199951172,129.006103515625,93.05841827392578
2022-10-20 00:00:00-04:00,45.378238677978516,17.15999984741211,14.029983520507812,157.19224548339844,36.1141357421875,127.46747589111328,88.3558349609375
2022-10-21 00:00:00-04:00,46.26628494262695,17.899999618530273,14.197713851928711,161.92298889160156,36.23041534423828,128.84283447265625,90.7898941040039
2022-10-24 00:00:00-04:00,47.27143859863281,18.399999618530273,14.4345064163208,162.8240966796875,36.879638671875,133.19149780273438,94.12939453125
2022-10-25 00:00:00-04:00,46.93963623046875,19.030000686645508,14.533169746398926,163.79373168945312,37.044368743896484,135.5711669921875,95.13221740722656
2022-10-26 00:00:00-04:00,47.51540756225586,18.8799991607666,14.76009750366211,166.095458984375,37.63544464111328,135.80369567871094,96.12532043457031
2022-10-27 00:00:00-04:00,46.06134796142578,18.760000228881836,14.55290412902832,162.65757751464844,37.11220169067383,130.81185913085938,92.21137237548828
2022-10-28 00:00:00-04:00,46.53952407836914,18.700000762939453,14.740364074707031,165.63510131835938,37.53855514526367,133.87425231933594,86.46700286865234
2022-10-31 00:00:00-04:00,46.87133026123047,18.399999618530273,14.681166648864746,167.55487060546875,37.984283447265625,135.85316467285156,88.62844848632812
2022-11-01 00:00:00-04:00,47.61299514770508,17.8700008392334,15.016622543334961,169.072998046875,38.66257858276367,134.99728393554688,90.25438690185547
2022-11-02 00:00:00-04:00,46.158935546875,17.290000915527344,14.533169746398926,164.17572021484375,37.063751220703125,128.82305908203125,89.04711151123047
2022-11-03 00:00:00-04:00,46.646881103515625,17.010000228881836,13.8129243850708,165.66806030273438,36.10445022583008,130.12913513183594,87.24591064453125
2022-11-04 00:00:00-04:00,47.09578323364258,17.549999237060547,13.447870254516602,170.09597778320312,37.402889251708984,134.52235412597656,89.67021942138672
2022-11-07 00:00:00-05:00,48.247314453125,17.93000030517578,13.941187858581543,173.99366760253906,38.57537078857422,139.50430297851562,93.39917755126953
2022-11-08 00:00:00-05:00,47.61299514770508,17.540000915527344,14.237178802490234,174.61219787597656,38.168392181396484,143.50172424316406,95.76506805419922
2022-11-09 00:00:00-05:00,46.35411071777344,16.65999984741211,14.010251998901367,167.5432891845703,37.11220169067383,139.44493103027344,93.60363006591797
2022-11-10 00:00:00-05:00,51.45794677734375,17.5,15.065954208374023,179.1480712890625,39.29240798950195,151.20469665527344,98.22832489013672
2022-11-11 00:00:00-05:00,52.3947868347168,18.059999465942383,15.283013343811035,182.0247344970703,39.84474182128906,155.40000915527344,101.19786071777344
2022-11-14 00:00:00-05:00,53.458492279052734,18.3799991607666,15.391545295715332,182.87892150878906,39.912567138671875,155.4791717529297,100.37028503417969
2022-11-15 00:00:00-05:00,55.25410842895508,18.15999984741211,15.845398902893066,185.72610473632812,41.647056579589844,157.36900329589844,102.42462158203125
2022-11-16 00:00:00-05:00,52.60947799682617,17.110000610351562,15.874998092651367,177.12559509277344,40.523033142089844,151.96656799316406,100.44816589355469
2022-11-17 00:00:00-05:00,52.2191276550293,17.1200008392334,15.756600379943848,176.00636291503906,40.91063690185547,147.81080627441406,99.92241668701172
2022-11-18 00:00:00-05:00,53.409690856933594,16.780000686645508,16.141387939453125,176.96852111816406,41.879615783691406,147.59811401367188,102.03517150878906
2022-11-21 00:00:00-05:00,52.7461051940918,16.459999084472656,16.121654510498047,178.4117431640625,41.6276741027832,147.72674560546875,102.25909423828125
2022-11-22 00:00:00-05:00,52.30695724487305,16.799999237060547,16.230186462402344,173.65988159179688,41.43387985229492,146.3909454345703,103.01852416992188
2022-11-23 00:00:00-05:00,52.70706558227539,16.850000381469727,16.279518127441406,177.0764923095703,41.501712799072266,146.9499969482422,102.94063568115234
2022-11-25 00:00:00-05:00,53.2925910949707,17.020000457763672,16.447250366210938,179.27572631835938,41.85054016113281,145.44601440429688,103.38850402832031
2022-11-28 00:00:00-05:00,53.224281311035156,16.8700008392334,16.1019229888916,172.9922332763672,41.43387985229492,142.64089965820312,101.48020935058594
2022-11-29 00:00:00-05:00,53.4682502746582,16.8799991607666,16.1019229888916,176.55613708496094,42.03465270996094,144.4961395263672,101.81123352050781
2022-11-30 00:00:00-05:00,54.09280776977539,17.200000762939453,16.516307830810547,180.54226684570312,42.61603927612305,149.71058654785156,105.68624877929688
2022-12-01 00:00:00-05:00,54.99060821533203,17.079999923706055,16.38804817199707,179.48190307617188,42.645111083984375,148.8596649169922,103.94346618652344
2022-12-02 00:00:00-05:00,55.46982192993164,16.8700008392334,16.486709594726562,179.55064392089844,42.974571228027344,149.82933044433594,103.02825164794922
2022-12-05 00:00:00-05:00,54.315826416015625,16.3700008392334,16.121654510498047,174.40602111816406,42.24782943725586,143.35328674316406,99.2603530883789
2022-12-06 00:00:00-05:00,54.335384368896484,16.239999771118164,16.111791610717773,174.4551239013672,42.22845458984375,142.19442749023438,98.51068115234375
2022-12-07 00:00:00-05:00,54.77547073364258,16.260000228881836,16.052593231201172,173.0904083251953,42.00558090209961,141.961669921875,99.02667999267578
2022-12-08 00:00:00-05:00,53.91486358642578,16.450000762939453,15.835265159606934,174.67111206054688,41.647056579589844,142.2687225341797,101.12969970703125
2022-12-09 00:00:00-05:00,53.572574615478516,16.049999237060547,15.953805923461914,174.73983764648438,41.579227447509766,144.72512817382812,101.12969970703125
2022-12-12 00:00:00-05:00,55.18621063232422,16.049999237060547,16.279800415039062,183.50726318359375,42.51914596557617,149.46461486816406,102.14228057861328
2022-12-13 00:00:00-05:00,55.02973175048828,15.9399995803833,16.467491149902344,180.89569091796875,42.567604064941406,150.8760528564453,104.09923553466797
2022-12-14 00:00:00-05:00,55.97835159301758,16.020000457763672,16.89226531982422,183.8607177734375,42.69356155395508,153.2284698486328,105.5012435913086
2022-12-15 00:00:00-05:00,53.4258918762207,15.880000114440918,16.17113494873047,178.06813049316406,40.96876525878906,148.14727783203125,102.98931121826172
2022-12-16 00:00:00-05:00,53.142276763916016,15.640000343322754,15.943927764892578,175.3976593017578,40.077301025390625,146.0375213623047,102.74590301513672
2022-12-19 00:00:00-05:00,51.20591735839844,15.270000457763672,15.835265159606934,176.26162719726562,39.999778747558594,143.71484375,99.82505798339844
2022-12-20 00:00:00-05:00,49.954139709472656,14.90999984741211,15.133888244628906,172.80567932128906,38.82729721069336,140.75326538085938,97.26444244384766
2022-12-21 00:00:00-05:00,50.980987548828125,15.069999694824219,15.706843376159668,174.73001098632812,39.85443115234375,142.2884979248047,100.35081481933594
2022-12-22 00:00:00-05:00,50.6093635559082,14.6899995803833,15.529029846191406,173.2278594970703,39.835052490234375,139.64390563964844,98.19912719726562
2022-12-23 00:00:00-05:00,51.21569061279297,15.210000038146973,15.568544387817383,174.13113403320312,40.271095275878906,141.6892852783203,98.76382446289062
2022-12-27 00:00:00-05:00,51.381954193115234,15.15999984741211,15.578422546386719,174.9754638671875,39.88349914550781,142.02108764648438,98.71513366699219
2022-12-28 00:00:00-05:00,50.30619430541992,14.850000381469727,15.153646469116211,171.283935546875,39.09861373901367,139.78260803222656,96.25188446044922
2022-12-29 00:00:00-05:00,51.362388610839844,15.15999984741211,15.351217269897461,173.5518798828125,39.42807388305664,141.927001953125,98.81182098388672
2022-12-30 00:00:00-05:00,51.254817962646484,15.390000343322754,15.153646469116211,171.1857452392578,39.136444091796875,140.54031372070312,97.94221496582031
2023-01-03 00:00:00-05:00,51.88071060180664,15.020000457763672,15.400609970092773,169.4578094482422,39.55445098876953,139.91627502441406,97.8347396850586
2023-01-04 00:00:00-05:00,53.15205383300781,15.319999694824219,15.60805892944336,171.79444885253906,40.77928924560547,143.02149963378906,99.642333984375
2023-01-05 00:00:00-05:00,52.70219802856445,15.649999618530273,15.222796440124512,166.1196746826172,40.351566314697266,139.40126037597656,97.28758239746094
2023-01-06 00:00:00-05:00,54.2180290222168,15.90999984741211,15.657449722290039,172.83514404296875,41.98468017578125,148.9198455810547,101.35221862792969
2023-01-09 00:00:00-05:00,54.726566314697266,16.239999771118164,15.785871505737305,174.40602111816406,42.03328323364258,151.7278594970703,102.99371337890625
2023-01-10 00:00:00-05:00,54.09089660644531,16.489999771118164,15.775992393493652,172.1871795654297,41.71249008178711,151.84176635742188,103.03278350830078
2023-01-11 00:00:00-05:00,54.9025993347168,16.770000457763672,16.042713165283203,177.3906707763672,42.217979431152344,155.0509490966797,104.76222229003906
2023-01-12 00:00:00-05:00,54.550537109375,17.100000381469727,16.190889358520508,176.37942504882812,42.26658248901367,155.13516235351562,106.84339141845703
2023-01-13 00:00:00-05:00,53.924644470214844,16.889999389648438,16.289674758911133,173.58131408691406,41.955509185791016,156.17518615722656,105.0064926147461
2023-01-17 00:00:00-05:00,55.049293518066406,16.790000915527344,16.21064567565918,173.08058166503906,42.98593521118164,155.7938232421875,103.09141540527344
2023-01-18 00:00:00-05:00,54.961280822753906,16.969999313354492,16.319313049316406,181.6516876220703,43.7733268737793,156.3286895751953,104.0294189453125
2023-01-19 00:00:00-05:00,54.40384292602539,16.600000381469727,16.260042190551758,181.4651336669922,43.24840545654297,153.89208984375,103.37477111816406
2023-01-20 00:00:00-05:00,55.21554946899414,17.219999313354492,16.477367401123047,185.6573944091797,43.85110092163086,157.00222778320312,105.41686248779297
2023-01-23 00:00:00-05:00,56.08592987060547,17.40999984741211,16.704572677612305,190.09510803222656,44.67737579345703,159.8944549560547,106.67729187011719
2023-01-24 00:00:00-05:00,56.03702926635742,17.420000076293945,16.674938201904297,188.38677978515625,44.492679595947266,158.92376708984375,106.86295318603516
2023-01-25 00:00:00-05:00,56.12504577636719,17.1299991607666,16.635425567626953,185.1763153076172,44.90095520019531,158.75540161132812,104.93807983398438
2023-01-26 00:00:00-05:00,56.46733474731445,17.260000228881836,16.200767517089844,185.28431701660156,44.53156280517578,158.10662841796875,104.03919219970703
2023-01-27 00:00:00-05:00,57.816917419433594,17.56999969482422,16.4279727935791,188.12168884277344,46.0869140625,165.30747985839844,106.6382064819336
2023-01-30 00:00:00-05:00,56.16416931152344,16.950000762939453,16.289674758911133,182.4076385498047,44.79402542114258,159.4091033935547,104.78176879882812
2023-01-31 00:00:00-05:00,57.79735565185547,18.020000457763672,16.61566734313965,185.60830688476562,45.6591911315918,165.0350799560547,108.74870300292969
2023-02-01 00:00:00-05:00,59.69459915161133,18.65999984741211,17.040443420410156,192.3925018310547,47.07844924926758,182.0615692138672,112.85240936279297
2023-02-02 00:00:00-05:00,61.816768646240234,18.579999923706055,17.44546127319336,193.7572021484375,48.06998062133789,183.9385528564453,116.311279296875
2023-02-03 00:00:00-05:00,60.67256164550781,18.15999984741211,16.121740341186523,194.287353515625,47.37007522583008,183.74044799804688,116.16471099853516
2023-02-06 00:00:00-05:00,59.72393798828125,17.68000030517578,16.181011199951172,193.4921112060547,47.15620803833008,183.02728271484375,113.61454010009766
2023-02-07 00:00:00-05:00,60.67256164550781,19.0,16.378582000732422,196.26077270507812,47.758907318115234,181.11068725585938,121.84152221679688
2023-02-08 00:00:00-05:00,59.37186813354492,19.0,16.141496658325195,194.13027954101562,46.563236236572266,181.20974731445312,121.6949691772461
2023-02-09 00:00:00-05:00,57.885372161865234,18.670000076293945,15.924174308776855,188.22694396972656,45.53281784057617,175.8115997314453,121.94900512695312
2023-02-10 00:00:00-05:00,57.79735565185547,18.31999969482422,15.864900588989258,187.52841186523438,45.23147201538086,172.84011840820312,122.03694915771484
2023-02-13 00:00:00-05:00,58.413475036621094,18.739999771118164,16.032835006713867,188.76812744140625,45.42588806152344,176.28701782226562,124.43079376220703
2023-02-14 00:00:00-05:00,59.49900817871094,19.219999313354492,16.072349548339844,191.21800231933594,45.86332702636719,177.6390380859375,124.91932678222656
2023-02-15 00:00:00-05:00,58.78509521484375,19.829999923706055,16.339069366455078,189.29940795898438,45.73695373535156,176.9060821533203,124.55781555175781
2023-02-16 00:00:00-05:00,58.667747497558594,19.940000534057617,16.4279727935791,184.92112731933594,45.44532775878906,174.2911834716797,124.85092163085938
2023-02-17 00:00:00-05:00,58.79487609863281,19.459999084472656,16.625545501708984,185.31468200683594,45.7661247253418,175.73233032226562,123.0433349609375
2023-02-21 00:00:00-05:00,56.98565673828125,18.850000381469727,16.398340225219727,181.03477478027344,45.05649185180664,169.7200927734375,120.7765121459961
2023-02-22 00:00:00-05:00,56.69226837158203,18.65999984741211,16.457609176635742,179.63766479492188,45.22174835205078,169.3783721923828,121.33345031738281
2023-02-23 00:00:00-05:00,56.99542999267578,18.610000610351562,16.526758193969727,181.96946716308594,45.6591911315918,170.997802734375,121.2357406616211
2023-02-24 00:00:00-05:00,56.27174377441406,18.549999237060547,16.240283966064453,180.58218383789062,45.50365447998047,168.15512084960938,119.54539489746094
2023-02-27 00:00:00-05:00,56.115272521972656,18.450000762939453,16.151376724243164,181.06431579589844,45.416168212890625,169.5665740966797,120.09257507324219
2023-02-28 00:00:00-05:00,55.58717346191406,18.510000228881836,15.934050559997559,177.87652587890625,45.15370178222656,168.2129669189453,119.24249267578125
2023-03-01 00:00:00-05:00,55.342681884765625,18.399999618530273,16.111862182617188,179.21458435058594,44.978729248046875,167.8906707763672,120.29776000976562
2023-03-02 00:00:00-05:00,57.234825134277344,18.350000381469727,16.477367401123047,182.85498046875,45.7661247253418,175.90318298339844,121.72428894042969
2023-03-03 00:00:00-05:00,58.03874206542969,18.770000457763672,16.704572677612305,183.6322479248047,45.98970413208008,176.0469512939453,122.71112060546875
2023-03-06 00:00:00-05:00,57.22502136230469,19.59000015258789,16.260042190551758,182.4909210205078,45.62030029296875,175.00079345703125,122.70136260986328
2023-03-07 00:00:00-05:00,57.1465950012207,19.559999465942383,16.250160217285156,178.11265563964844,45.69806671142578,173.43894958496094,122.59388732910156
2023-03-08 00:00:00-05:00,57.49952697753906,19.829999923706055,16.062469482421875,180.63137817382812,45.785560607910156,173.7562713623047,122.1541976928711
2023-03-09 00:00:00-05:00,55.95051956176758,18.479999542236328,16.190889358520508,176.7155303955078,45.250911712646484,170.05247497558594,120.62995147705078
2023-03-10 00:00:00-05:00,55.07798385620117,17.209999084472656,15.904414176940918,172.62257385253906,44.18160629272461,166.78001403808594,118.49015045166016
2023-03-13 00:00:00-04:00,52.479957580566406,16.969999313354492,15.60805892944336,170.75320434570312,42.94705581665039,163.2349090576172,115.17787170410156
2023-03-14 00:00:00-04:00,51.989768981933594,16.389999389648438,15.75623607635498,165.6074676513672,42.655426025390625,165.40164184570312,116.65325164794922
2023-03-15 00:00:00-04:00,52.35251235961914,16.0,15.726601600646973,166.05023193359375,42.86928176879883,164.8463134765625,115.54915618896484
2023-03-16 00:00:00-04:00,53.89170837402344,16.25,16.131622314453125,168.92315673828125,43.42337417602539,167.34527587890625,116.27218627929688
2023-03-17 00:00:00-04:00,52.6074104309082,15.380000114440918,15.568544387817383,164.8007049560547,41.88747024536133,164.39512634277344,113.46798706054688
2023-03-20 00:00:00-04:00,52.03879165649414,15.40999984741211,15.499394416809082,162.9903564453125,41.72221374511719,165.32232666015625,115.38304138183594
2023-03-21 00:00:00-04:00,55.58777618408203,16.329999923706055,15.667329788208008,167.63426208496094,42.47072219848633,166.6709442138672,115.97904968261719
2023-03-22 00:00:00-04:00,54.8622932434082,16.229999542236328,15.370973587036133,164.30874633789062,41.86802673339844,164.02822875976562,113.76109313964844
2023-03-23 00:00:00-04:00,54.47014617919922,16.43000030517578,15.094374656677246,163.2855224609375,41.1195182800293,163.3737335205078,111.64086151123047
2023-03-24 00:00:00-04:00,54.32307815551758,15.619999885559082,15.11413288116455,163.4232177734375,41.187564849853516,163.3737335205078,109.67691802978516
2023-03-27 00:00:00-04:00,54.303470611572266,15.520000457763672,15.252613067626953,166.5421600341797,42.10133361816406,165.8478546142578,111.78742218017578
2023-03-28 00:00:00-04:00,54.47014617919922,15.199999809265137,15.37131118774414,168.53944396972656,42.655426025390625,164.628173828125,113.56568908691406
2023-03-29 00:00:00-04:00,53.95053482055664,15.680000305175781,15.430659294128418,168.30328369140625,42.7429084777832,164.30587768554688,115.33419036865234
2023-03-30 00:00:00-04:00,53.89170837402344,15.779999732971191,15.430659294128418,167.014404296875,42.66514205932617,165.4115447998047,117.05896759033203
2023-03-31 00:00:00-04:00,55.47013473510742,16.290000915527344,15.747185707092285,172.63241577148438,44.220497131347656,168.99635314941406,116.90216827392578
2023-04-03 00:00:00-04:00,54.42112350463867,16.15999984741211,15.44054889678955,170.62527465820312,43.7733268737793,165.70904541015625,115.03040313720703
2023-04-04 00:00:00-04:00,53.76426315307617,15.890000343322754,15.064675331115723,168.38204956054688,42.8498420715332,162.9870147705078,111.93365478515625
2023-04-05 00:00:00-04:00,53.872108459472656,15.079999923706055,15.03499984741211,167.5161895751953,43.07342529296875,161.12767028808594,109.78749084472656
2023-04-06 00:00:00-04:00,53.50936508178711,15.15999984741211,15.104241371154785,167.2899169921875,43.170631408691406,161.52430725097656,109.189697265625
2023-04-10 00:00:00-04:00,54.47994613647461,15.899999618530273,15.331743240356445,171.33367919921875,44.45378875732422,165.99664306640625,112.10025024414062
2023-04-11 00:00:00-04:00,55.50934982299805,16.260000228881836,15.648270606994629,172.6914520263672,45.250911712646484,168.57489013671875,113.78582763671875
2023-04-12 00:00:00-04:00,55.4603271484375,15.649999618530273,15.499898910522461,172.64224243164062,45.58142852783203,168.60963439941406,112.76663970947266
2023-04-13 00:00:00-04:00,53.77406692504883,15.680000305175781,15.341634750366211,171.80592346191406,45.416168212890625,164.99505615234375,113.29582977294922
2023-04-14 00:00:00-04:00,54.67601776123047,15.350000381469727,15.420767784118652,173.92129516601562,45.89382553100586,167.92042541503906,115.14801025390625
2023-04-17 00:00:00-04:00,54.42112350463867,15.510000228881836,15.341634750366211,173.80320739746094,44.69481658935547,168.9864501953125,114.2660140991211
2023-04-18 00:00:00-04:00,54.8622932434082,15.149999618530273,15.37131118774414,172.10110473632812,45.26994323730469,170.2656707763672,115.18720245361328
2023-04-19 00:00:00-04:00,55.68581008911133,15.65999984741211,15.460332870483398,175.5348663330078,45.377174377441406,171.5597686767578,115.81438446044922
2023-04-20 00:00:00-04:00,55.99953842163086,15.25,15.588922500610352,177.64039611816406,45.445404052734375,171.99610900878906,116.48078155517578
2023-04-21 00:00:00-04:00,55.391700744628906,15.3100004196167,15.430659294128418,173.57693481445312,45.33818054199219,172.96791076660156,116.72576904296875
2023-04-24 00:00:00-04:00,55.6760139465332,15.640000343322754,15.351527214050293,173.57693481445312,45.377174377441406,175.7395477294922,116.882568359375
2023-04-25 00:00:00-04:00,53.92112731933594,15.180000305175781,14.975652694702148,169.76931762695312,43.98320388793945,168.2675018310547,112.7274398803711
2023-04-26 00:00:00-04:00,52.28388977050781,15.149999618530273,14.342599868774414,162.95098876953125,42.41376495361328,151.48388671875,99.95825958251953
2023-04-27 00:00:00-04:00,54.29367446899414,16.079999923706055,14.392056465148926,167.32928466796875,43.42756652832031,155.29678344726562,99.51727294921875
2023-04-28 00:00:00-04:00,55.215232849121094,16.68000030517578,14.322815895080566,172.4651336669922,44.03193664550781,158.85678100585938,105.64216613769531
2023-05-01 00:00:00-04:00,56.17600631713867,16.5,14.649234771728516,173.62611389160156,45.045745849609375,157.54286193847656,106.26935577392578
2023-05-02 00:00:00-04:00,56.430912017822266,16.209999084472656,14.372271537780762,172.47499084472656,44.909263610839844,156.4669189453125,104.8581771850586
2023-05-03 00:00:00-04:00,56.391693115234375,16.200000762939453,14.797605514526367,172.12081909179688,44.997005462646484,158.99560546875,104.59358215332031
2023-05-04 00:00:00-04:00,55.7446403503418,15.949999809265137,14.80749797821045,172.15032958984375,44.382869720458984,154.81581115722656,101.6634292602539
2023-05-05 00:00:00-04:00,56.940711975097656,16.3700008392334,14.837170600891113,176.23342895507812,45.1627197265625,157.16107177734375,104.07418823242188
2023-05-08 00:00:00-04:00,56.185813903808594,16.309999465942383,15.143806457519531,175.4167938232422,44.42186737060547,154.51832580566406,103.86840057373047
2023-05-09 00:00:00-04:00,55.49954605102539,16.010000228881836,14.945977210998535,173.0751495361328,43.89546585083008,154.77120971679688,103.95658874511719
2023-05-10 00:00:00-04:00,55.80345916748047,16.010000228881836,14.955869674682617,173.7638702392578,43.78824234008789,155.89173889160156,104.84837341308594
2023-05-11 00:00:00-04:00,56.00935363769531,15.789999961853027,14.906412124633789,173.9118194580078,43.63227081298828,153.91342163085938,104.06440734863281
2023-05-12 00:00:00-04:00,56.15639877319336,15.529999732971191,14.985542297363281,173.58636474609375,44.41211700439453,152.7482452392578,104.8581771850586
2023-05-15 00:00:00-04:00,55.25444793701172,15.770000457763672,15.025108337402344,173.12283325195312,44.0026969909668,151.9598846435547,104.88758087158203
2023-05-16 00:00:00-04:00,54.03877258300781,15.619999885559082,14.89652156829834,168.67491149902344,43.057132720947266,147.968505859375,104.02519226074219
2023-05-17 00:00:00-04:00,54.65641784667969,16.350000381469727,15.183372497558594,169.74990844726562,43.642024993896484,150.61123657226562,107.40614318847656
2023-05-18 00:00:00-04:00,54.107398986816406,16.360000610351562,15.173481941223145,168.339599609375,43.515296936035156,151.93508911132812,107.33753204345703
2023-05-19 00:00:00-04:00,53.519168853759766,16.020000457763672,15.262503623962402,166.05154418945312,43.3398323059082,149.44606018066406,106.82794952392578
2023-05-22 00:00:00-04:00,53.79367446899414,16.43000030517578,15.37131118774414,166.52496337890625,43.42756652832031,149.81297302246094,108.31751251220703
2023-05-23 00:00:00-04:00,54.16622543334961,16.209999084472656,15.38120174407959,169.17788696289062,43.88572692871094,149.3915252685547,107.61193084716797
2023-05-24 00:00:00-04:00,53.754459381103516,15.819999694824219,15.351527214050293,165.93321228027344,43.1253776550293,148.98495483398438,103.74100494384766
2023-05-25 00:00:00-04:00,55.25444793701172,15.979999542236328,15.420767784118652,168.61573791503906,43.89546585083008,153.7993927001953,105.32855987548828
2023-05-26 00:00:00-04:00,54.8622932434082,15.84000015258789,15.57903003692627,167.92538452148438,43.61277770996094,156.59580993652344,106.53394317626953
2023-05-30 00:00:00-04:00,55.577980041503906,15.789999961853027,15.697728157043457,168.8918914794922,44.0806884765625,157.4635009765625,106.50454711914062
2023-05-31 00:00:00-04:00,53.91132354736328,15.680000305175781,15.430659294128418,164.6708221435547,42.81343460083008,153.92335510253906,103.172607421875
2023-06-01 00:00:00-04:00,54.67601776123047,15.710000038146973,15.608704566955566,166.9983367919922,43.19361114501953,157.4982147216797,105.74015808105469
2023-06-02 00:00:00-04:00,55.813270568847656,16.020000457763672,15.925230979919434,170.21343994140625,43.45681381225586,158.4998016357422,108.2391128540039
2023-06-05 00:00:00-04:00,54.38190460205078,16.110000610351562,15.549356460571289,167.16598510742188,41.926368713378906,155.49012756347656,107.54332733154297
2023-06-06 00:00:00-04:00,55.47993469238281,16.739999771118164,15.915340423583984,169.18775939941406,42.88167190551758,152.6752471923828,107.79812622070312
2023-06-07 00:00:00-04:00,56.69561767578125,16.959999084472656,16.30110740661621,172.9354248046875,44.24639892578125,156.9298858642578,106.61233520507812
2023-06-08 00:00:00-04:00,56.302513122558594,17.399999618530273,16.06371307373047,169.86827087402344,43.720001220703125,157.3170928955078,105.52458190917969
2023-06-09 00:00:00-04:00,54.77922439575195,17.270000457763672,15.865883827209473,167.6985626220703,42.6477165222168,152.00997924804688,102.89820861816406
2023-06-12 00:00:00-04:00,53.80628967285156,17.829999923706055,15.94501781463623,166.6038360595703,42.501495361328125,151.98516845703125,101.98681640625
2023-06-13 00:00:00-04:00,53.285423278808594,17.799999237060547,15.984580993652344,167.42239379882812,42.37477111816406,154.94403076171875,102.74140930175781
2023-06-14 00:00:00-04:00,55.03474807739258,17.780000686645508,16.14284324645996,171.98863220214844,42.68670654296875,159.22349548339844,103.86840057373047
2023-06-15 00:00:00-04:00,55.03474807739258,18.110000610351562,16.152734756469727,174.49366760253906,43.330081939697266,163.02139282226562,104.02519226074219
2023-06-16 00:00:00-04:00,54.02249526977539,17.81999969482422,16.113170623779297,174.24710083007812,43.21310806274414,161.5767059326172,104.12319946289062
2023-06-20 00:00:00-04:00,52.450077056884766,17.790000915527344,15.89555835723877,171.5448455810547,42.384517669677734,159.1688995361328,102.49642181396484
2023-06-21 00:00:00-04:00,52.970943450927734,17.639999389648438,15.875771522521973,173.93153381347656,42.793941497802734,162.16748046875,103.08441162109375
2023-06-22 00:00:00-04:00,53.11835861206055,17.729999542236328,15.806533813476562,174.1484832763672,42.85243225097656,164.28237915039062,104.19178771972656
2023-06-23 00:00:00-04:00,53.069217681884766,17.450000762939453,15.549033164978027,172.76776123046875,42.57948303222656,162.1575469970703,103.53519439697266
2023-06-26 00:00:00-04:00,53.71784210205078,17.610000610351562,15.687688827514648,174.1090545654297,42.823184967041016,166.0845489501953,104.72097778320312
2023-06-27 00:00:00-04:00,54.602333068847656,18.079999923706055,16.113555908203125,176.30836486816406,43.49580001831055,178.3618927001953,112.79603576660156
2023-06-28 00:00:00-04:00,54.43525314331055,18.219999313354492,16.21259117126465,176.38723754882812,43.057132720947266,183.83287048339844,112.25704956054688
2023-06-29 00:00:00-04:00,54.77922439575195,18.1299991607666,16.331436157226562,179.95738220214844,43.525047302246094,186.54348754882812,113.45628356933594
2023-06-30 00:00:00-04:00,54.602333068847656,18.389999389648438,16.252208709716797,178.5372314453125,43.20235061645508,183.5647430419922,112.02113342285156
2023-07-03 00:00:00-04:00,54.946292877197266,18.450000762939453,16.331436157226562,179.89820861816406,43.45659255981445,182.63140869140625,113.85932922363281
2023-07-05 00:00:00-04:00,53.13801193237305,18.760000228881836,15.82634162902832,177.0184326171875,42.52761459350586,182.56192016601562,109.25894927978516
2023-07-06 00:00:00-04:00,53.44266891479492,18.649999618530273,15.519322395324707,176.5746307373047,42.62540054321289,181.7328338623047,109.09185028076172
2023-07-07 00:00:00-04:00,53.79646301269531,18.700000762939453,15.479707717895508,177.13677978515625,42.36137771606445,183.65908813476562,110.31073760986328
2023-07-10 00:00:00-04:00,54.602333068847656,18.90999984741211,15.479707717895508,178.3301239013672,42.53739547729492,186.0470428466797,110.10430908203125
2023-07-11 00:00:00-04:00,55.693199157714844,19.079999923706055,15.34105110168457,182.8174591064453,42.99699401855469,187.61582946777344,108.29560852050781
2023-07-12 00:00:00-04:00,55.74233627319336,18.65999984741211,15.430188179016113,182.14682006835938,42.99699401855469,186.5484619140625,107.57803344726562
2023-07-13 00:00:00-04:00,54.66128921508789,18.899999618530273,15.34105110168457,181.53536987304688,42.46894454956055,187.33285522460938,108.45289611816406
2023-07-14 00:00:00-04:00,54.012672424316406,18.440000534057617,15.25191879272461,180.77597045898438,42.36137771606445,187.54632568359375,107.53872680664062
2023-07-17 00:00:00-04:00,53.069217681884766,18.139999389648438,15.024130821228027,180.8548583984375,41.62797927856445,190.28179931640625,108.32508850097656
2023-07-18 00:00:00-04:00,54.35663604736328,18.510000228881836,15.420284271240234,185.5789031982422,42.19513702392578,195.703125,114.88162231445312
2023-07-19 00:00:00-04:00,55.39836502075195,18.920000076293945,15.776822090148926,192.54168701171875,43.47615432739258,196.1995849609375,120.69107055664062
2023-07-20 00:00:00-04:00,54.8873291015625,18.229999542236328,15.89566707611084,189.40548706054688,44.12154769897461,197.76834106445312,121.54627227783203
2023-07-21 00:00:00-04:00,55.3492317199707,18.260000228881836,15.994707107543945,192.896728515625,44.45402145385742,195.8470916748047,119.68842315673828
2023-07-24 00:00:00-04:00,56.489234924316406,18.25,16.321533203125,195.60887145996094,44.94295883178711,193.34991455078125,120.52396392822266
2023-07-25 00:00:00-04:00,56.784061431884766,17.920000076293945,16.47999382019043,197.0093231201172,44.70827102661133,196.28396606445312,121.2612075805664
2023-07-26 00:00:00-04:00,57.8257942199707,17.940000534057617,16.6978816986084,200.03701782226562,45.66658401489258,208.884033203125,126.35308837890625
2023-07-27 00:00:00-04:00,58.40562057495117,15.850000381469727,16.628555297851562,197.3544921875,45.079856872558594,204.6045684814453,123.32548522949219
2023-07-28 00:00:00-04:00,59.32941818237305,15.949999809265137,16.826631546020508,202.709716796875,46.13595962524414,212.27980041503906,125.33077239990234
2023-07-31 00:00:00-04:00,59.70286560058594,16.850000381469727,16.192785263061523,201.1317596435547,45.97949981689453,208.2584991455078,126.16632080078125
2023-08-01 00:00:00-04:00,58.7004508972168,16.469999313354492,15.519322395324707,201.0626983642578,45.34387969970703,204.85279846191406,129.23324584960938
2023-08-02 00:00:00-04:00,58.346656799316406,16.229999542236328,15.489611625671387,202.0686492919922,45.29499053955078,202.84214782714844,128.87937927246094
2023-08-03 00:00:00-04:00,59.46700668334961,15.880000114440918,15.657978057861328,205.7943878173828,45.58835220336914,205.05636596679688,130.15724182128906
2023-08-04 00:00:00-04:00,58.897003173828125,16.350000381469727,15.558938026428223,204.07481384277344,44.698490142822266,202.1123504638672,128.99729919433594
2023-08-07 00:00:00-04:00,59.51614761352539,16.549999237060547,15.380667686462402,204.68753051757812,44.82561492919922,203.22938537597656,130.53074645996094
2023-08-08 00:00:00-04:00,58.592350006103516,16.5,15.28162956237793,202.69126892089844,44.424686431884766,203.10032653808594,130.3243408203125
2023-08-09 00:00:00-04:00,58.13045120239258,16.479999542236328,15.212303161621094,201.04087829589844,44.199771881103516,199.29747009277344,129.4199981689453
2023-08-10 00:00:00-04:00,58.28769302368164,16.780000686645508,15.172687530517578,200.04275512695312,44.03353500366211,201.5364990234375,128.8302001953125
2023-08-11 00:00:00-04:00,58.61199951171875,17.350000381469727,15.400476455688477,200.7740478515625,44.4344596862793,203.9343719482422,130.2358856201172
2023-08-14 00:00:00-04:00,59.1033821105957,17.84000015258789,15.360860824584961,199.9636688232422,44.14110565185547,206.52090454101562,130.65855407714844
2023-08-15 00:00:00-04:00,57.51130676269531,17.5,15.27172565460205,197.19654846191406,42.99699401855469,203.368408203125,127.52281951904297
2023-08-16 00:00:00-04:00,55.99785232543945,17.190000534057617,15.15287971496582,190.4368896484375,42.12669372558594,202.10740661621094,127.93568420410156
2023-08-17 00:00:00-04:00,55.0052604675293,17.280000686645508,15.103360176086426,187.81802368164062,41.989784240722656,195.688232421875,127.43437194824219
2023-08-18 00:00:00-04:00,55.418025970458984,17.25,15.34105110168457,188.7667236328125,42.56673049926758,195.3506317138672,127.81774139404297
2023-08-21 00:00:00-04:00,55.59492111206055,17.260000228881836,14.94489860534668,189.3695831298828,41.989784240722656,200.12652587890625,128.19126892089844
2023-08-22 00:00:00-04:00,54.56301498413086,17.229999542236328,14.885476112365723,188.2034454345703,41.461734771728516,201.06484985351562,127.7095947265625
2023-08-23 00:00:00-04:00,54.926639556884766,17.3700008392334,14.925091743469238,188.31214904785156,41.74531173706055,204.8627471923828,127.3360595703125
2023-08-24 00:00:00-04:00,54.37629699707031,17.190000534057617,14.885476112365723,187.1361083984375,41.91156005859375,202.90174865722656,125.25212860107422
2023-08-25 00:00:00-04:00,53.619571685791016,16.8799991607666,14.925091743469238,185.45608520507812,41.58885955810547,203.07054138183594,125.16366577148438
2023-08-28 00:00:00-04:00,53.15766525268555,17.020000457763672,14.845860481262207,184.62596130371094,41.755096435546875,206.71949768066406,127.05099487304688
2023-08-29 00:00:00-04:00,54.27802276611328,17.18000030517578,15.034034729003906,186.83963012695312,42.31248474121094,212.384033203125,131.2679901123047
2023-08-30 00:00:00-04:00,53.875083923339844,17.010000228881836,15.182591438293457,187.77847290039062,42.28314971923828,213.63014221191406,133.01773071289062
2023-08-31 00:00:00-04:00,53.875083923339844,16.950000762939453,14.94489860534668,185.67352294921875,40.6892204284668,212.17056274414062,134.0400390625
2023-09-01 00:00:00-04:00,54.287845611572266,17.170000076293945,15.142976760864258,189.47828674316406,40.55231857299805,216.3904571533203,135.19012451171875
2023-09-05 00:00:00-04:00,52.56801223754883,17.100000381469727,14.707207679748535,184.91253662109375,39.6722297668457,210.41259765625,133.21432495117188
2023-09-06 00:00:00-04:00,51.840763092041016,16.329999923706055,14.717109680175781,183.4005126953125,39.57444763183594,210.6212921142578,132.3787841796875
2023-09-07 00:00:00-04:00,51.673248291015625,15.760000228881836,14.717109680175781,183.8748779296875,39.27130889892578,215.03884887695312,131.6317138671875
2023-09-08 00:00:00-04:00,51.49587631225586,16.0,15.034034729003906,182.461669921875,38.55746078491211,209.32435607910156,129.3905029296875
2023-09-11 00:00:00-04:00,51.2889518737793,16.25,15.083552360534668,182.007080078125,38.92905044555664,211.70455932617188,130.15724182128906
2023-09-12 00:00:00-04:00,50.48094177246094,15.779999732971191,15.232110977172852,179.7736358642578,38.08808517456055,209.62252807617188,128.51565551757812
2023-09-13 00:00:00-04:00,52.294036865234375,15.619999885559082,15.766919136047363,187.12625122070312,39.23218536376953,206.5863800048828,128.71226501464844
2023-09-14 00:00:00-04:00,52.78672409057617,16.360000610351562,15.875861167907715,188.44061279296875,39.457096099853516,202.23342895507812,128.10279846191406
2023-09-15 00:00:00-04:00,52.64876937866211,16.1200008392334,15.568840980529785,192.077392578125,39.28108596801758,203.5353546142578,128.88917541503906
2023-09-18 00:00:00-04:00,52.85570526123047,15.859999656677246,15.479707717895508,192.05763244628906,39.408206939697266,203.65460205078125,130.49143981933594
2023-09-19 00:00:00-04:00,52.08710861206055,15.739999771118164,15.291533470153809,190.18984985351562,39.339759826660156,201.8855743408203,129.0464630126953
2023-09-20 00:00:00-04:00,52.00827407836914,15.4399995803833,15.380667686462402,191.40538024902344,39.43754577636719,202.68064880371094,128.87937927246094
2023-09-21 00:00:00-04:00,50.264156341552734,15.079999923706055,15.133071899414062,187.7290802001953,38.72370147705078,198.82957458496094,125.83208465576172
2023-09-22 00:00:00-04:00,49.76161193847656,13.479999542236328,14.964486122131348,187.26458740234375,38.342323303222656,199.0929412841797,128.33871459960938
2023-09-25 00:00:00-04:00,50.234596252441406,13.109999656677246,15.00415325164795,188.22320556640625,38.54767990112305,202.9936981201172,129.44949340820312
2023-09-26 00:00:00-04:00,49.3379020690918,12.59000015258789,14.795900344848633,184.28994750976562,38.009849548339844,198.27304077148438,124.50506591796875
2023-09-27 00:00:00-04:00,49.06199645996094,12.010000228881836,14.71656608581543,183.41038513183594,37.696929931640625,198.7103271484375,124.927734375
2023-09-28 00:00:00-04:00,49.05213928222656,12.229999542236328,14.865317344665527,184.1911163330078,37.96095657348633,201.7712860107422,127.52014923095703
2023-09-29 00:00:00-04:00,49.41673278808594,12.25,14.5678129196167,186.30599975585938,38.22593688964844,203.3067626953125,126.5738754272461
2023-10-02 00:00:00-04:00,48.36237716674805,11.6899995803833,14.389310836791992,185.21890258789062,38.0787239074707,200.35011291503906,124.19833374023438
2023-10-03 00:00:00-04:00,48.05691146850586,10.819999694824219,14.488479614257812,184.61605834960938,37.7352409362793,198.70037841796875,123.20277404785156
2023-10-04 00:00:00-04:00,48.0667610168457,10.760000228881836,14.32981014251709,185.12008666992188,37.57820510864258,200.33522033691406,120.24565887451172
2023-10-05 00:00:00-04:00,47.90909957885742,10.819999694824219,14.349642753601074,183.91441345214844,37.8333740234375,200.3948516845703,119.65425109863281
2023-10-06 00:00:00-04:00,48.03720474243164,10.890000343322754,14.349642753601074,184.43820190429688,37.90207290649414,205.4335479736328,122.99578094482422
2023-10-09 00:00:00-04:00,48.667842864990234,11.09000015258789,14.557897567749023,187.5215301513672,38.471290588378906,209.7815399169922,126.6231689453125
2023-10-10 00:00:00-04:00,48.736820220947266,11.550000190734863,14.805817604064941,189.28062438964844,38.667572021484375,211.242431640625,126.35700988769531
2023-10-11 00:00:00-04:00,48.234275817871094,11.380000114440918,14.994237899780273,191.48443603515625,38.64794158935547,211.56544494628906,124.13919067382812
2023-10-12 00:00:00-04:00,47.101097106933594,11.260000228881836,14.865317344665527,190.6147918701172,38.42222595214844,210.7256622314453,121.62565612792969
2023-10-13 00:00:00-04:00,47.15036392211914,11.020000457763672,14.676898956298828,189.1620635986328,37.94132995605469,201.28929138183594,119.55567932128906
2023-10-16 00:00:00-04:00,48.96345520019531,11.3100004196167,15.083488464355469,194.46896362304688,38.84423065185547,204.93663024902344,121.97064971923828
2023-10-17 00:00:00-04:00,49.653221130371094,11.380000114440918,15.172740936279297,193.70803833007812,38.98162841796875,207.2820587158203,122.23677825927734
2023-10-18 00:00:00-04:00,46.62811279296875,10.8100004196167,14.706649780273438,176.5716552734375,37.19546127319336,199.68922424316406,117.32798767089844
2023-10-19 00:00:00-04:00,45.209163665771484,10.579999923706055,14.518229484558105,176.71002197265625,35.831295013427734,197.00094604492188,115.46501922607422
2023-10-20 00:00:00-04:00,50.520355224609375,10.920000076293945,14.676898956298828,174.19984436035156,37.10713195800781,195.301513671875,116.8548583984375
2023-10-23 00:00:00-04:00,49.27878189086914,10.649999618530273,14.448811531066895,170.65199279785156,36.1747932434082,192.63308715820312,115.0017318725586
2023-10-24 00:00:00-04:00,49.51527404785156,10.329999923706055,14.42897891998291,170.64215087890625,36.282745361328125,191.7584991455078,105.23345184326172
2023-10-25 00:00:00-04:00,48.726966857910156,10.119999885559082,14.260391235351562,168.0430145263672,36.01776123046875,184.35946655273438,107.27384185791016
2023-10-26 00:00:00-04:00,48.579158782958984,9.039999961853027,13.258793830871582,165.8095703125,36.03739547729492,183.75326538085938,106.94855499267578
2023-10-27 00:00:00-04:00,47.219337463378906,8.619999885559082,12.257194519042969,164.03067016601562,35.684085845947266,183.0923309326172,105.992431640625
2023-10-30 00:00:00-04:00,48.372230529785156,8.609999656677246,12.227442741394043,167.71690368652344,35.74296951293945,188.39938354492188,108.78196716308594
2023-10-31 00:00:00-04:00,48.1751594543457,8.430000305175781,11.563015937805176,169.8515167236328,35.64482879638672,187.1670379638672,109.03824615478516
2023-11-01 00:00:00-04:00,47.77115249633789,8.329999923706055,11.791102409362793,170.91883850097656,35.32096481323242,194.11883544921875,110.13237762451172
2023-11-02 00:00:00-04:00,48.36237716674805,9.149999618530273,12.108442306518555,170.4346160888672,35.33077621459961,193.21446228027344,110.96035766601562
2023-11-03 00:00:00-04:00,50.13605499267578,9.329999923706055,12.257194519042969,173.62664794921875,36.22386169433594,194.9586181640625,112.38963317871094
2023-11-06 00:00:00-05:00,50.01781463623047,9.020000457763672,12.465445518493652,172.77676391601562,36.48883819580078,195.80337524414062,111.30536651611328
2023-11-07 00:00:00-05:00,49.810882568359375,8.859999656677246,12.27702808380127,172.86572265625,36.41032791137695,196.95620727539062,111.2166519165039
2023-11-08 00:00:00-05:00,49.3773193359375,8.75,12.247276306152344,172.9447784423828,36.16497802734375,193.87037658691406,110.10281372070312
2023-11-09 00:00:00-05:00,48.87477493286133,8.640000343322754,12.19769287109375,170.15115356445312,35.64482879638672,191.6094512939453,108.05254364013672
2023-11-10 00:00:00-05:00,49.14082717895508,8.579999923706055,12.356361389160156,172.19189453125,36.08646011352539,195.1027374267578,109.99437713623047
2023-11-13 00:00:00-05:00,49.042293548583984,8.140000343322754,12.316694259643555,172.003662109375,36.52810287475586,194.29774475097656,110.81250762939453
2023-11-14 00:00:00-05:00,51.160850524902344,8.510000228881836,12.812536239624023,176.85775756835938,37.597835540771484,201.16505432128906,114.65673065185547
2023-11-15 00:00:00-05:00,52.431983947753906,8.789999961853027,13.179459571838379,180.23582458496094,38.7755241394043,200.12652587890625,115.10031127929688
2023-11-16 00:00:00-05:00,50.875091552734375,8.199999809265137,12.961288452148438,176.9964599609375,37.784305572509766,197.66680908203125,114.1540298461914
2023-11-17 00:00:00-05:00,50.7272834777832,8.75,12.92162036895752,176.41197204589844,37.75486373901367,198.71527099609375,111.52220916748047
2023-11-20 00:00:00-05:00,50.31343078613281,8.949999809265137,12.931538581848145,176.1940460205078,37.84318923950195,199.89295959472656,113.04019927978516
2023-11-21 00:00:00-05:00,50.89480209350586,8.470000267028809,12.802618980407715,178.63099670410156,38.314266204833984,201.18991088867188,113.31619262695312
2023-11-22 00:00:00-05:00,51.1115837097168,8.420000076293945,12.832368850708008,179.44329833984375,38.46147155761719,200.62841796875,114.00619506835938
2023-11-24 00:00:00-05:00,51.17070388793945,8.59000015258789,13.149709701538086,181.33543395996094,38.84423065185547,200.91163635253906,115.71144104003906
2023-11-27 00:00:00-05:00,51.298805236816406,8.210000038146973,13.149709701538086,177.95736694335938,38.932552337646484,198.09414672851562,115.24815368652344
2023-11-28 00:00:00-05:00,51.3579216003418,8.270000457763672,13.19929313659668,178.92819213867188,38.7951545715332,192.49395751953125,113.22748565673828
2023-11-29 00:00:00-05:00,52.45170211791992,8.329999923706055,13.19929313659668,180.3448028564453,38.8932991027832,190.76963806152344,115.0115966796875
2023-11-30 00:00:00-05:00,52.993656158447266,8.34000015258789,13.308377265930176,183.53463745117188,39.266231536865234,193.32875061035156,116.49015045166016
2023-12-01 00:00:00-05:00,55.18119430541992,9.1899995803833,13.5265474319458,188.02220153808594,40.1789436340332,201.61724853515625,119.97952270507812
2023-12-04 00:00:00-05:00,56.176429748535156,9.100000381469727,13.764900207519531,188.45809936523438,40.37522506713867,200.7029266357422,120.11751556396484
2023-12-05 00:00:00-05:00,55.63447189331055,8.770000457763672,13.655655860900879,186.64523315429688,39.668609619140625,196.3705291748047,115.54386901855469
2023-12-06 00:00:00-05:00,55.644325256347656,8.960000038146973,13.526546478271484,186.31832885742188,39.68824005126953,185.47735595703125,113.2570571899414
2023-12-07 00:00:00-05:00,55.60481262207031,9.25,13.705312728881836,187.1207275390625,39.84526062011719,186.52191162109375,114.23289489746094
2023-12-08 00:00:00-05:00,55.01211166381836,9.380000114440918,13.665586471557617,184.87197875976562,39.52140426635742,183.76629638671875,113.65132904052734
2023-12-11 00:00:00-05:00,55.812255859375,9.329999923706055,13.80462646484375,190.8653106689453,40.02191925048828,188.45681762695312,113.97660827636719
2023-12-12 00:00:00-05:00,55.99993896484375,8.869999885559082,13.486822128295898,191.1724090576172,39.92378234863281,190.12808227539062,111.8672103881836
2023-12-13 00:00:00-05:00,56.05921173095703,9.5,13.635791778564453,194.17404174804688,40.03173065185547,191.03338623046875,113.06977081298828
2023-12-14 00:00:00-05:00,57.14582443237305,10.119999885559082,13.923803329467773,199.8404541015625,41.09165954589844,190.26734924316406,116.96328735351562
2023-12-15 00:00:00-05:00,57.096431732177734,10.029999732971191,13.61592960357666,200.32586669921875,41.29775619506836,195.5050506591797,117.052001953125
2023-12-18 00:00:00-05:00,55.89128112792969,9.979999542236328,13.238536834716797,196.60108947753906,40.32615661621094,195.5199737548828,116.17472839355469
2023-12-19 00:00:00-05:00,57.70888137817383,10.210000038146973,13.586136817932129,196.99734497070312,41.14072799682617,199.49423217773438,120.07809448242188
2023-12-20 00:00:00-05:00,56.90874481201172,9.970000267028809,13.526546478271484,195.72933959960938,41.00333023071289,199.97174072265625,119.11210632324219
2023-12-21 00:00:00-05:00,58.06449890136719,10.40999984741211,14.003254890441895,198.76068115234375,41.84734344482422,203.54310607910156,120.67937469482422
2023-12-22 00:00:00-05:00,58.16328430175781,10.4399995803833,14.211813926696777,199.81072998046875,41.96511459350586,205.41334533691406,130.42794799804688
2023-12-26 00:00:00-05:00,57.96571731567383,10.649999618530273,14.37071418762207,200.880615234375,42.22027587890625,206.92050170898438,131.71923828125
2023-12-27 00:00:00-05:00,57.471805572509766,10.59000015258789,14.380644798278809,200.3555908203125,41.984737396240234,205.72671508789062,135.76060485839844
2023-12-28 00:00:00-05:00,57.699005126953125,10.539999961853027,14.301194190979004,199.96923828125,42.141761779785156,204.4633026123047,134.23818969726562
2023-12-29 00:00:00-05:00,56.94826126098633,10.390000343322754,14.162156105041504,197.86911010742188,41.718379974365234,201.61317443847656,134.42604064941406
